status,session_id,attempt,seed,arm,method,capacity,device,ledger_path,ledger_sha256,measured_events,core_required_events,post_release_results_observed,post_release_on_time_count,post_release_on_time_coverage,nominal_results_observed,nominal_on_time_count,nominal_on_time_coverage,post_release_latency_ms_p50,post_release_latency_ms_p95,post_release_latency_ms_p99,nominal_latency_ms_p50,nominal_latency_ms_p95,nominal_latency_ms_p99,release_lateness_ms_p50,release_lateness_ms_p95,release_lateness_ms_p99
PASS,F12_S01,a01,3668046706,A,fixed_local,low,P1,<AUDIT_ROOT>/extracted_sessions/F12_S01/attempt_a01/A_low/raw/probe/P1/F12_S01_A_low_a01/event_ledger.jsonl,8dd1a69f867f93dc8b9f1bf4971d250b592e4c94ad0a72314c23a99dc1cf24ec,90,0,0,0,,0,0,,,,,,,,1862.2362320000002,1920.8945382,1924.10903705
PASS,F12_S01,a01,3668046706,A,fixed_local,low,P2,<AUDIT_ROOT>/extracted_sessions/F12_S01/attempt_a01/A_low/raw/probe/P2/F12_S01_A_low_a01/event_ledger.jsonl,3bf6d56cc229917696996e1c7b26670ea5d5fbd375fb90dec61a5a7d992b2a54,90,0,0,0,,0,0,,,,,,,,760.3261315,831.7642052,834.13049203
PASS,F12_S01,a01,3668046706,A,fixed_local,low,P3,<AUDIT_ROOT>/extracted_sessions/F12_S01/attempt_a01/A_low/raw/probe/P3/F12_S01_A_low_a01/event_ledger.jsonl,240cc0fa49cc8690d5257310502a32325926ca3611f5d13525c7858668e6b49d,90,0,0,0,,0,0,,,,,,,,86.3186565,155.71122745,161.97214248
PASS,F12_S01,a01,3668046706,A,fixed_local,mid,P1,<AUDIT_ROOT>/extracted_sessions/F12_S01/attempt_a01/A_mid/raw/probe/P1/F12_S01_A_mid_a01/event_ledger.jsonl,1dd485ed9081e3161f40d48ba98935d4f7181ebd975e4a786a620fe5d8536b45,90,0,0,0,,0,0,,,,,,,,1828.4431085,1979.1227642,1980.5853182
PASS,F12_S01,a01,3668046706,A,fixed_local,mid,P2,<AUDIT_ROOT>/extracted_sessions/F12_S01/attempt_a01/A_mid/raw/probe/P2/F12_S01_A_mid_a01/event_ledger.jsonl,27cdbe114bd19e4a7f56fadb9da74e308fb7f2f53c3b737e9ed497227dcca226,90,0,0,0,,0,0,,,,,,,,636.763644,775.73113185,780.35672627
PASS,F12_S01,a01,3668046706,A,fixed_local,mid,P3,<AUDIT_ROOT>/extracted_sessions/F12_S01/attempt_a01/A_mid/raw/probe/P3/F12_S01_A_mid_a01/event_ledger.jsonl,01fa31fb98b752b929567f9a523aa260f10f31adfe1663d318355dcc75e916a9,90,0,0,0,,0,0,,,,,,,,87.51574450000001,165.13367045,172.53885900999998
PASS,F12_S01,a01,3668046706,A,fixed_local,high,P1,<AUDIT_ROOT>/extracted_sessions/F12_S01/attempt_a01/A_high/raw/probe/P1/F12_S01_A_high_a01/event_ledger.jsonl,698fa5553d9c414b377dc354543733da11f62350dcdf8054ddc3f3dfffaa8b71,90,0,0,0,,0,0,,,,,,,,1827.5337205,1862.9542516,1913.42665947
PASS,F12_S01,a01,3668046706,A,fixed_local,high,P2,<AUDIT_ROOT>/extracted_sessions/F12_S01/attempt_a01/A_high/raw/probe/P2/F12_S01_A_high_a01/event_ledger.jsonl,0671d883bccd1039fbf2b4554fa22aacecb0cc5639fb53431bd7221a3deb6ebc,90,0,0,0,,0,0,,,,,,,,636.951907,671.0116679,673.3304934299999
PASS,F12_S01,a01,3668046706,A,fixed_local,high,P3,<AUDIT_ROOT>/extracted_sessions/F12_S01/attempt_a01/A_high/raw/probe/P3/F12_S01_A_high_a01/event_ledger.jsonl,43882d97a5c23b847818a32e8db04047766cfe30cde99dd49613e2eb0a658850,90,0,0,0,,0,0,,,,,,,,84.3794625,156.50013235,163.47162162
PASS,F12_S01,a01,3668046706,B,fixed_summary,low,P1,<AUDIT_ROOT>/extracted_sessions/F12_S01/attempt_a01/B_low/raw/probe/P1/F12_S01_B_low_a01/event_ledger.jsonl,6f1b3ceca3633210dfad838c41b6daee0bb19ce39fd9795c32ee49524526ca8b,90,0,0,0,,0,0,,,,,,,,1952.644027,2001.9559436,2006.5448468700001
PASS,F12_S01,a01,3668046706,B,fixed_summary,low,P2,<AUDIT_ROOT>/extracted_sessions/F12_S01/attempt_a01/B_low/raw/probe/P2/F12_S01_B_low_a01/event_ledger.jsonl,01a9cb1c0834dc41a37778db507b361299998dc465240fb7fe51c051ccd36465,90,0,0,0,,0,0,,,,,,,,712.1340245,750.0655405,753.38925389
PASS,F12_S01,a01,3668046706,B,fixed_summary,low,P3,<AUDIT_ROOT>/extracted_sessions/F12_S01/attempt_a01/B_low/raw/probe/P3/F12_S01_B_low_a01/event_ledger.jsonl,c4930c8785acb10e4e83e64a7e432b4d64ae68a365bb32535d33283e6cc2e681,90,0,0,0,,0,0,,,,,,,,83.99517,156.40615259999998,163.82598424
PASS,F12_S01,a01,3668046706,B,fixed_summary,mid,P1,<AUDIT_ROOT>/extracted_sessions/F12_S01/attempt_a01/B_mid/raw/probe/P1/F12_S01_B_mid_a01/event_ledger.jsonl,0e248b0d1e327318423e07264984e20b1bf7b757e4ac46aefab932d330f16759,90,0,0,0,,0,0,,,,,,,,1922.635364,1997.05646185,2001.53552745
PASS,F12_S01,a01,3668046706,B,fixed_summary,mid,P2,<AUDIT_ROOT>/extracted_sessions/F12_S01/attempt_a01/B_mid/raw/probe/P2/F12_S01_B_mid_a01/event_ledger.jsonl,de3b671852a1704d37c78b91a44638c4f098889ef3f3f807404190c955ab01be,90,0,0,0,,0,0,,,,,,,,715.9953989999999,804.248301,806.4944523099999
PASS,F12_S01,a01,3668046706,B,fixed_summary,mid,P3,<AUDIT_ROOT>/extracted_sessions/F12_S01/attempt_a01/B_mid/raw/probe/P3/F12_S01_B_mid_a01/event_ledger.jsonl,fdad80eda28ac8c41721eaa25042472576b3030458d567acd3dec1e85fe2a64c,90,0,0,0,,0,0,,,,,,,,85.2301065,153.63925595,159.95831929
PASS,F12_S01,a01,3668046706,B,fixed_summary,high,P1,<AUDIT_ROOT>/extracted_sessions/F12_S01/attempt_a01/B_high/raw/probe/P1/F12_S01_B_high_a01/event_ledger.jsonl,e9418041d8b3cd6c4a530426e678ca3c5433d401b46f3573493955062b053e20,90,0,0,0,,0,0,,,,,,,,1925.5878125,1978.02873685,1981.44984398
PASS,F12_S01,a01,3668046706,B,fixed_summary,high,P2,<AUDIT_ROOT>/extracted_sessions/F12_S01/attempt_a01/B_high/raw/probe/P2/F12_S01_B_high_a01/event_ledger.jsonl,9133d460b6987c1a2749176ec23b22e37c39fa79976c0c83e126a0245672e4a1,90,0,0,0,,0,0,,,,,,,,745.4642524999999,802.8846916499999,806.7957430800001
PASS,F12_S01,a01,3668046706,B,fixed_summary,high,P3,<AUDIT_ROOT>/extracted_sessions/F12_S01/attempt_a01/B_high/raw/probe/P3/F12_S01_B_high_a01/event_ledger.jsonl,be793f3b4c56a540b04cd5835a54a79dfa5b8e9de235fe5e5598ae7b8755b657,90,0,0,0,,0,0,,,,,,,,88.3070955,159.6289477,166.31923969000002
PASS,F12_S01,a01,3668046706,C,fixed_full,low,P1,<AUDIT_ROOT>/extracted_sessions/F12_S01/attempt_a01/C_low/raw/probe/P1/F12_S01_C_low_a01/event_ledger.jsonl,58662fec6c13e811dc98ceda8b930cba27463f5ecd44990d6991cd504d3e6bc1,90,90,90,0,0.0,90,0,0.0,103113.62515450001,183320.31767924997,190460.33909229,105001.374453,185301.31950505,192443.60353285,1887.7492985,1981.0018258,1983.26444056
PASS,F12_S01,a01,3668046706,C,fixed_full,low,P2,<AUDIT_ROOT>/extracted_sessions/F12_S01/attempt_a01/C_low/raw/probe/P2/F12_S01_C_low_a01/event_ledger.jsonl,ec18ecca231cfc09ddf9490d68d47a4de29e80b6cb0c2534b4c1b27a5b51a298,90,90,90,0,0.0,90,0,0.0,103048.4221295,183263.1806148,190405.79363631998,103784.9187695,184091.1252109,191236.17565514,736.4966400000001,827.9445961,830.38201882
PASS,F12_S01,a01,3668046706,C,fixed_full,low,P3,<AUDIT_ROOT>/extracted_sessions/F12_S01/attempt_a01/C_low/raw/probe/P3/F12_S01_C_low_a01/event_ledger.jsonl,2660c3e4989af6bf57d5990d7f0100d1c48456657168ab08824695f46087ef2f,90,90,90,0,0.0,90,0,0.0,102280.882712,182536.7287431,189660.72013862,102360.192403,182676.27634004998,189806.02176099,79.30969099999999,139.54759694999998,145.30162237
PASS,F12_S01,a01,3668046706,C,fixed_full,mid,P1,<AUDIT_ROOT>/extracted_sessions/F12_S01/attempt_a01/C_mid/raw/probe/P1/F12_S01_C_mid_a01/event_ledger.jsonl,0ea77f7659db7442f9c2c143efed5c2400fc751dcb960f2a176c6a6194191d54,90,90,90,0,0.0,90,0,0.0,26967.723000500002,46425.84340735,48426.96208089,28826.833110500003,48908.814017,50913.68527294,1859.11011,2483.07332735,2486.72319205
PASS,F12_S01,a01,3668046706,C,fixed_full,mid,P2,<AUDIT_ROOT>/extracted_sessions/F12_S01/attempt_a01/C_mid/raw/probe/P2/F12_S01_C_mid_a01/event_ledger.jsonl,1bdb67d23b585d0c0b82dc985303e8004710d10f05929e0d6a725404bbd66c64,90,90,90,0,0.0,90,0,0.0,26953.104515,46408.07256605,48380.20129006,27639.819656,47749.81614255,49727.48054067,686.715141,1341.7672516,1346.60303039
PASS,F12_S01,a01,3668046706,C,fixed_full,mid,P3,<AUDIT_ROOT>/extracted_sessions/F12_S01/attempt_a01/C_mid/raw/probe/P3/F12_S01_C_mid_a01/event_ledger.jsonl,03b4504f63889597df315e764fc7bc053fbba197ad184a141663f3917283f06f,90,90,90,0,0.0,90,0,0.0,26254.693733499997,46206.5114897,48207.354619369995,26333.846621,46348.44193145,48356.89327043,79.1528875,141.93044175,148.47320693999998
PASS,F12_S01,a01,3668046706,C,fixed_full,high,P1,<AUDIT_ROOT>/extracted_sessions/F12_S01/attempt_a01/C_high/raw/probe/P1/F12_S01_C_high_a01/event_ledger.jsonl,9f6a09335b9f714d699a20a3730bf73895ae4ad7929b78daa4ce9eb9695a7016,90,90,90,87,0.9666666666666667,90,0,0.0,947.0429065000001,987.39564255,1036.24199997,2969.7082505,3035.01556945,3087.54823245,2024.258006,2101.8443298,2105.18585967
PASS,F12_S01,a01,3668046706,C,fixed_full,high,P2,<AUDIT_ROOT>/extracted_sessions/F12_S01/attempt_a01/C_high/raw/probe/P2/F12_S01_C_high_a01/event_ledger.jsonl,90d1f93a2cd7a92d1d0ab690c612c6ceb03a1108bec92c94ccabd0ec9f10e432,90,90,90,83,0.9222222222222223,90,0,0.0,909.6948904999999,1006.3847087500001,1031.61404477,1757.3185155,1853.63693355,1888.2913029099998,830.479914,948.7692833,952.31784712
PASS,F12_S01,a01,3668046706,C,fixed_full,high,P3,<AUDIT_ROOT>/extracted_sessions/F12_S01/attempt_a01/C_high/raw/probe/P3/F12_S01_C_high_a01/event_ledger.jsonl,92da05736feed7ec7c761ff81dc8f48beefc93e53243fb29352ada6a9a775eaf,90,90,90,90,1.0,90,90,1.0,237.4897035,337.82213799999994,461.32277207999994,333.1671745,454.83996764999995,565.6908491299998,78.56628549999999,141.23188535,145.5751344
PASS,F12_S01,a01,3668046706,D,independent_dpp,low,P1,<AUDIT_ROOT>/extracted_sessions/F12_S01/attempt_a01/D_low/raw/probe/P1/F12_S01_D_low_a01/event_ledger.jsonl,04e6bb70782ad4b7737fbb94de07c73e68c78d6d37cb51849db615ec7fce36f2,90,22,22,0,0.0,22,0,0.0,3955.2749545,3967.51101445,4105.26219322,5815.907699,5979.61706735,6017.52446657,1851.513066,2183.80091515,2301.20777842
PASS,F12_S01,a01,3668046706,D,independent_dpp,low,P2,<AUDIT_ROOT>/extracted_sessions/F12_S01/attempt_a01/D_low/raw/probe/P2/F12_S01_D_low_a01/event_ledger.jsonl,8dd91413060df73c637be231d6582a8a3aad22e6d9d243e08e12c1963fa2938c,90,22,22,0,0.0,22,0,0.0,3911.3104439999997,3942.743186,4034.34889484,4576.842565000001,4730.4754947,4768.49657155,661.828218,792.39768025,1053.90345817
PASS,F12_S01,a01,3668046706,D,independent_dpp,low,P3,<AUDIT_ROOT>/extracted_sessions/F12_S01/attempt_a01/D_low/raw/probe/P3/F12_S01_D_low_a01/event_ledger.jsonl,b23c224d5a3b896936f3686b7f902defcbe8f4e585ebcafdc879c00886811bd2,90,22,22,0,0.0,22,0,0.0,3122.4071519999998,3293.6691601499997,3369.6084233499996,3207.3763449999997,3405.8558442,3509.84154798,82.30739550000001,152.11041075,156.34236811
PASS,F12_S01,a01,3668046706,D,independent_dpp,mid,P1,<AUDIT_ROOT>/extracted_sessions/F12_S01/attempt_a01/D_mid/raw/probe/P1/F12_S01_D_mid_a01/event_ledger.jsonl,d9eb6609b6d92b94a43df0f5d88db91764f26b32a2167f8e12b6889bde742d93,90,45,45,0,0.0,45,0,0.0,1903.86741,1971.6523926,1998.4820618,3922.02149,4023.857096,4060.2051156,1998.013733,2108.7586146500003,2111.03766544
PASS,F12_S01,a01,3668046706,D,independent_dpp,mid,P2,<AUDIT_ROOT>/extracted_sessions/F12_S01/attempt_a01/D_mid/raw/probe/P2/F12_S01_D_mid_a01/event_ledger.jsonl,0e9e994fb6c7d5fce50bb3c7942ebcbd72c58880597c8446b281aa1d589da21d,90,45,45,0,0.0,45,0,0.0,1888.868795,1960.4277147999999,1998.5080580400002,2646.042757,2742.1628628,2785.55649408,754.878242,822.019906,824.7824058799999
PASS,F12_S01,a01,3668046706,D,independent_dpp,mid,P3,<AUDIT_ROOT>/extracted_sessions/F12_S01/attempt_a01/D_mid/raw/probe/P3/F12_S01_D_mid_a01/event_ledger.jsonl,d5f516a1a941a73d15b0c78b30ea93ae7306f2df55e58a830d929c7bd358078f,90,45,45,0,0.0,45,0,0.0,1134.059896,1214.9416454,1432.6231774400003,1222.634583,1336.2892513999998,1566.6145613600002,81.4447405,146.9100289,152.39381967
PASS,F12_S01,a01,3668046706,D,independent_dpp,high,P1,<AUDIT_ROOT>/extracted_sessions/F12_S01/attempt_a01/D_high/raw/probe/P1/F12_S01_D_high_a01/event_ledger.jsonl,5eea09fb710c7062ba5e21b869db441eb3bae80ed82ecfedc667c3364b1d2f5c,90,90,90,85,0.9444444444444444,90,0,0.0,942.780039,1000.44903715,1016.82726688,2887.3122009999997,2977.3221768000003,2998.00681554,1967.930868,2006.6142262,2009.58991886
PASS,F12_S01,a01,3668046706,D,independent_dpp,high,P2,<AUDIT_ROOT>/extracted_sessions/F12_S01/attempt_a01/D_high/raw/probe/P2/F12_S01_D_high_a01/event_ledger.jsonl,4dc0ddc9a2934810fb6c11ffcec68acf96971e9d4bc5f3fc43ee9ffa8da3d8f7,90,90,90,86,0.9555555555555556,90,0,0.0,897.1290114999999,999.2825548000001,1017.81569299,1655.736535,1764.17476655,1789.02580614,797.6077805,836.0904571,841.80488704
PASS,F12_S01,a01,3668046706,D,independent_dpp,high,P3,<AUDIT_ROOT>/extracted_sessions/F12_S01/attempt_a01/D_high/raw/probe/P3/F12_S01_D_high_a01/event_ledger.jsonl,19c6e3a0b2dc966c523fd5b05c60f2e44dc4a1578b5b1e22bf42ffce4f613d5b,90,90,90,90,1.0,90,90,1.0,236.037178,350.18605915,373.74402696,337.739184,452.47333924999987,496.58674146000004,78.379505,136.0634495,140.84370651
PASS,F12_S01,a01,3668046706,E,central_dpp,low,P1,<AUDIT_ROOT>/extracted_sessions/F12_S01/attempt_a01/E_low/raw/probe/P1/F12_S01_E_low_a01/event_ledger.jsonl,ad7eb3444c6e8e58af998aa9f67f2c8c0715c1b226d2f00c7280dae1eea09859,90,0,0,0,,0,0,,,,,,,,2049.690286,2151.4437460999998,2153.45347275
PASS,F12_S01,a01,3668046706,E,central_dpp,low,P2,<AUDIT_ROOT>/extracted_sessions/F12_S01/attempt_a01/E_low/raw/probe/P2/F12_S01_E_low_a01/event_ledger.jsonl,a5a877160d56e6d6c0f53f24ae632648efd99f065734342bf9043fc98e89d020,90,0,0,0,,0,0,,,,,,,,858.3682705,942.6314039,947.0763656400001
PASS,F12_S01,a01,3668046706,E,central_dpp,low,P3,<AUDIT_ROOT>/extracted_sessions/F12_S01/attempt_a01/E_low/raw/probe/P3/F12_S01_E_low_a01/event_ledger.jsonl,880010e8dee4cc1721d6a9a8abed65c111823900e402ba9c7f853a00f2766022,90,0,0,0,,0,0,,,,,,,,83.1530665,147.9748439,154.02158678
PASS,F12_S01,a01,3668046706,E,central_dpp,mid,P1,<AUDIT_ROOT>/extracted_sessions/F12_S01/attempt_a01/E_mid/raw/probe/P1/F12_S01_E_mid_a01/event_ledger.jsonl,ed8cc635e3125fe4ae8f5d93af547e23d769cc6d53afa3768070986ec7fb99bc,90,30,30,24,0.8,30,0,0.0,969.5095245,1054.10367425,1062.20168153,2887.0071024999997,2967.6095201,3036.03782375,1910.3678235000002,1992.88794215,1995.3906449899998
PASS,F12_S01,a01,3668046706,E,central_dpp,mid,P2,<AUDIT_ROOT>/extracted_sessions/F12_S01/attempt_a01/E_mid/raw/probe/P2/F12_S01_E_mid_a01/event_ledger.jsonl,06a82773d1250f8a3f507e32334f6b9e23a4ff2d3b52d5c84b9b0223e6d5d9f5,90,30,30,24,0.8,30,0,0.0,951.5479245,1016.7330552999999,1027.14287205,1702.528198,1797.51355715,1817.3845281800002,732.3685665,809.6359317,812.98087879
PASS,F12_S01,a01,3668046706,E,central_dpp,mid,P3,<AUDIT_ROOT>/extracted_sessions/F12_S01/attempt_a01/E_mid/raw/probe/P3/F12_S01_E_mid_a01/event_ledger.jsonl,b04fb21fe667678a33a8dfa54c99e90568c9581f8a5b3c40e0e208299a07e3ee,90,30,30,30,1.0,30,30,1.0,263.02816,324.1151408,332.37868614,343.6924015,419.72390729999995,450.24554475,83.106469,152.48411134999998,159.30512562
PASS,F12_S01,a01,3668046706,E,central_dpp,high,P1,<AUDIT_ROOT>/extracted_sessions/F12_S01/attempt_a01/E_high/raw/probe/P1/F12_S01_E_high_a01/event_ledger.jsonl,94373e457eb390576381641b625b9bc10317171a3dfa236cd76804daa40bfe11,90,90,90,90,1.0,90,0,0.0,842.6813010000001,879.9412294,904.73286768,2914.4043745,2982.2158431000003,3004.68894722,2070.5117520000003,2105.4181229,2109.09854456
PASS,F12_S01,a01,3668046706,E,central_dpp,high,P2,<AUDIT_ROOT>/extracted_sessions/F12_S01/attempt_a01/E_high/raw/probe/P2/F12_S01_E_high_a01/event_ledger.jsonl,350238dd995f2e6ba8ddf97cafbe6994813d5a989e63717acfc20513adb54b76,90,90,90,89,0.9888888888888889,90,0,0.0,842.4730435,918.58319785,959.9889387999999,1757.1251425,1843.27393725,1894.41134253,907.5329545,949.53494045,953.21351437
PASS,F12_S01,a01,3668046706,E,central_dpp,high,P3,<AUDIT_ROOT>/extracted_sessions/F12_S01/attempt_a01/E_high/raw/probe/P3/F12_S01_E_high_a01/event_ledger.jsonl,c9ca63e8f0d252985a2241a798dbe5430b3b92eaecdb3d4429a1d92a75875f44,90,90,90,90,1.0,90,90,1.0,240.5901385,304.37791405,357.77871018999986,328.2574125,417.5786667499999,465.5121407599999,78.54531700000001,144.9334033,150.79506425
PASS,F12_S01,a01,3668046706,F,shielded_dpp,low,P1,<AUDIT_ROOT>/extracted_sessions/F12_S01/attempt_a01/F_low/raw/probe/P1/F12_S01_F_low_a01/event_ledger.jsonl,a6aa95fb13b818f610c9b9803076858bb507e5b803d6733b1b59ebfde05ad7da,90,0,0,0,,0,0,,,,,,,,1771.7297290000001,1832.4199288,1835.53777252
PASS,F12_S01,a01,3668046706,F,shielded_dpp,low,P2,<AUDIT_ROOT>/extracted_sessions/F12_S01/attempt_a01/F_low/raw/probe/P2/F12_S01_F_low_a01/event_ledger.jsonl,d6f1bf373bfc2c9f02c64737bbf40a8d2ea57544a2def4fbe14312afa44412f3,90,0,0,0,,0,0,,,,,,,,678.1226099999999,749.6156481,786.49180199
PASS,F12_S01,a01,3668046706,F,shielded_dpp,low,P3,<AUDIT_ROOT>/extracted_sessions/F12_S01/attempt_a01/F_low/raw/probe/P3/F12_S01_F_low_a01/event_ledger.jsonl,dab1686ecc417052d27566ae990d62e40961b969d6ebe0573c9f590520b1e0d7,90,0,0,0,,0,0,,,,,,,,87.79020249999999,156.69040809999998,162.27326378
PASS,F12_S01,a01,3668046706,F,shielded_dpp,mid,P1,<AUDIT_ROOT>/extracted_sessions/F12_S01/attempt_a01/F_mid/raw/probe/P1/F12_S01_F_mid_a01/event_ledger.jsonl,c5fd915606465ff833c08240992c1c729d4c44635c5184dd2b90c251cadb18cc,90,30,30,27,0.9,30,0,0.0,966.3093604999999,1018.0299204499998,1146.8146380800001,2902.5409595,2963.93682045,3094.5051253600004,1934.5438155,2160.55802325,2163.69867093
PASS,F12_S01,a01,3668046706,F,shielded_dpp,mid,P2,<AUDIT_ROOT>/extracted_sessions/F12_S01/attempt_a01/F_mid/raw/probe/P2/F12_S01_F_mid_a01/event_ledger.jsonl,e0e5cdde5a1ab503635ac7f9ba656f55e75b0c1919c662a0b64ab5e113044cc5,90,30,30,30,1.0,30,0,0.0,905.0729564999999,967.90958185,980.4706992700001,1772.564597,1870.06664905,1884.0404429999999,856.393099,964.89395695,967.90723816
PASS,F12_S01,a01,3668046706,F,shielded_dpp,mid,P3,<AUDIT_ROOT>/extracted_sessions/F12_S01/attempt_a01/F_mid/raw/probe/P3/F12_S01_F_mid_a01/event_ledger.jsonl,c400db393fa84636c1c685c91abadfce4b53bec24ec94095ee05fc80e6ae6128,90,30,30,30,1.0,30,30,1.0,266.06302800000003,338.6681949499999,360.01467461,361.908761,432.3551907,447.76647391,86.3372585,149.75748034999998,155.85421786
PASS,F12_S01,a01,3668046706,F,shielded_dpp,high,P1,<AUDIT_ROOT>/extracted_sessions/F12_S01/attempt_a01/F_high/raw/probe/P1/F12_S01_F_high_a01/event_ledger.jsonl,82e5191d108bb001f84174d4f6f847d68bcaae10a15f53d77189e3c7b12e7f1e,90,90,90,84,0.9333333333333333,90,0,0.0,925.8773985,1005.8027427,1043.88758027,2899.1168485,2983.9201134500004,3054.9539598300003,1979.2413385,2065.7672998,2070.27047537
PASS,F12_S01,a01,3668046706,F,shielded_dpp,high,P2,<AUDIT_ROOT>/extracted_sessions/F12_S01/attempt_a01/F_high/raw/probe/P2/F12_S01_F_high_a01/event_ledger.jsonl,0079702907ac93b749de9fb1843ed8cc51dc5ccac8f9896cf08e81c94295d053,90,90,90,85,0.9444444444444444,90,0,0.0,907.837542,1000.71522335,1056.4636567500002,1766.058653,1875.01613795,1920.7001126999999,876.3954265,913.10886625,974.22410069
PASS,F12_S01,a01,3668046706,F,shielded_dpp,high,P3,<AUDIT_ROOT>/extracted_sessions/F12_S01/attempt_a01/F_high/raw/probe/P3/F12_S01_F_high_a01/event_ledger.jsonl,6b3b3e40277235b26a844c80f696b84e3e166dd5e4aca28c9fc7b9800e0d058d,90,90,90,90,1.0,90,90,1.0,255.0393135,326.18564675,378.81285706,335.683541,420.1919396,464.74709406999995,79.6575245,136.0376815,140.8333075
PASS,F12_S02,a01,2668262893,A,fixed_local,low,P1,<AUDIT_ROOT>/extracted_sessions/F12_S02/attempt_a01/A_low/raw/probe/P1/F12_S02_A_low_a01/event_ledger.jsonl,f3297d9238b4711551ab4a5502f3618fc9d136d84c336d3fd2f06700938511d0,90,0,0,0,,0,0,,,,,,,,1886.419978,2021.5856574,2024.05818642
PASS,F12_S02,a01,2668262893,A,fixed_local,low,P2,<AUDIT_ROOT>/extracted_sessions/F12_S02/attempt_a01/A_low/raw/probe/P2/F12_S02_A_low_a01/event_ledger.jsonl,fc4be0cbf515117c39dba25caf064af4ba1ae9716ba2d24d6caa6dbc22c04984,90,0,0,0,,0,0,,,,,,,,593.950955,740.1925799,743.24124094
PASS,F12_S02,a01,2668262893,A,fixed_local,low,P3,<AUDIT_ROOT>/extracted_sessions/F12_S02/attempt_a01/A_low/raw/probe/P3/F12_S02_A_low_a01/event_ledger.jsonl,235892dccfaa8fbcbfa0353ccc70ac7cb40376d80dc92fcc4c6c66bb921b9bef,90,0,0,0,,0,0,,,,,,,,88.151088,164.63265735,171.54345782000001
PASS,F12_S02,a01,2668262893,A,fixed_local,mid,P1,<AUDIT_ROOT>/extracted_sessions/F12_S02/attempt_a01/A_mid/raw/probe/P1/F12_S02_A_mid_a01/event_ledger.jsonl,7e7c611c0544efe6f67ef2e5d1300336fba0834914f722f50d3b804200597232,90,0,0,0,,0,0,,,,,,,,2003.575699,2046.68006075,2051.3964988899997
PASS,F12_S02,a01,2668262893,A,fixed_local,mid,P2,<AUDIT_ROOT>/extracted_sessions/F12_S02/attempt_a01/A_mid/raw/probe/P2/F12_S02_A_mid_a01/event_ledger.jsonl,32fe55fe1386f95ba3eb7864e3bad6eb2e8f407bed573638ed79d2080c0beb6a,90,0,0,0,,0,0,,,,,,,,717.115533,761.0112104,764.06501388
PASS,F12_S02,a01,2668262893,A,fixed_local,mid,P3,<AUDIT_ROOT>/extracted_sessions/F12_S02/attempt_a01/A_mid/raw/probe/P3/F12_S02_A_mid_a01/event_ledger.jsonl,47af52f2f1e1b4cee8b9ebfa052b91056bf3f66dd0e9a3ff2bdd4f342968a981,90,0,0,0,,0,0,,,,,,,,92.22830350000001,161.68521235,168.43607164
PASS,F12_S02,a01,2668262893,A,fixed_local,high,P1,<AUDIT_ROOT>/extracted_sessions/F12_S02/attempt_a01/A_high/raw/probe/P1/F12_S02_A_high_a01/event_ledger.jsonl,7a69c64dcb8b3bbbd86745ca99fa2e971047f99cd1a706c22ef025fc4451509f,90,0,0,0,,0,0,,,,,,,,1896.5114815,1938.1625170500001,1941.30133183
PASS,F12_S02,a01,2668262893,A,fixed_local,high,P2,<AUDIT_ROOT>/extracted_sessions/F12_S02/attempt_a01/A_high/raw/probe/P2/F12_S02_A_high_a01/event_ledger.jsonl,fc26bf39be5b798d23bf5392500b1084f30fba8aab10ee2361b0c3a2b25916ea,90,0,0,0,,0,0,,,,,,,,737.122113,775.7322448,778.94665989
PASS,F12_S02,a01,2668262893,A,fixed_local,high,P3,<AUDIT_ROOT>/extracted_sessions/F12_S02/attempt_a01/A_high/raw/probe/P3/F12_S02_A_high_a01/event_ledger.jsonl,639442f869f240d168629b5709c0b37c4820f80bbe3d89ee664cb8814c44400f,90,0,0,0,,0,0,,,,,,,,91.32968199999999,160.474485,167.6391461
PASS,F12_S02,a01,2668262893,B,fixed_summary,low,P1,<AUDIT_ROOT>/extracted_sessions/F12_S02/attempt_a01/B_low/raw/probe/P1/F12_S02_B_low_a01/event_ledger.jsonl,02f0d8afe535afe197bd37a2eadb0030cb91ab39d6a5e1af609d7a86a31de626,90,0,0,0,,0,0,,,,,,,,1725.1033459999999,1764.86380465,1767.80967893
PASS,F12_S02,a01,2668262893,B,fixed_summary,low,P2,<AUDIT_ROOT>/extracted_sessions/F12_S02/attempt_a01/B_low/raw/probe/P2/F12_S02_B_low_a01/event_ledger.jsonl,864182f99292e7d6a08b828ba63095dea88550b15b5044b22ecb5ad554e8a49a,90,0,0,0,,0,0,,,,,,,,550.5837879999999,585.65201365,589.59888108
PASS,F12_S02,a01,2668262893,B,fixed_summary,low,P3,<AUDIT_ROOT>/extracted_sessions/F12_S02/attempt_a01/B_low/raw/probe/P3/F12_S02_B_low_a01/event_ledger.jsonl,0781ba24f3d20240596b8aafcaf11f194aac3ad97ebd97c22cd4e09953e07430,90,0,0,0,,0,0,,,,,,,,90.6042405,160.78976555,167.29264357000002
PASS,F12_S02,a01,2668262893,B,fixed_summary,mid,P1,<AUDIT_ROOT>/extracted_sessions/F12_S02/attempt_a01/B_mid/raw/probe/P1/F12_S02_B_mid_a01/event_ledger.jsonl,c607c8c97dc68f0f5fbb2ac39f5da1f111a2fe84a9c558d3913091e4c0833e47,90,0,0,0,,0,0,,,,,,,,1915.261373,2065.47232125,2072.1446803900003
PASS,F12_S02,a01,2668262893,B,fixed_summary,mid,P2,<AUDIT_ROOT>/extracted_sessions/F12_S02/attempt_a01/B_mid/raw/probe/P2/F12_S02_B_mid_a01/event_ledger.jsonl,7ed8b917ace6dc9ef584126b942c6b06263845798d11c29fe5f93f20f043978e,90,0,0,0,,0,0,,,,,,,,677.295578,1103.532428,1106.61671484
PASS,F12_S02,a01,2668262893,B,fixed_summary,mid,P3,<AUDIT_ROOT>/extracted_sessions/F12_S02/attempt_a01/B_mid/raw/probe/P3/F12_S02_B_mid_a01/event_ledger.jsonl,aa4be61feac68456a3c04c7d53edf18a0f0e9867fc3c6a439d2c80b14a4c8c8d,90,0,0,0,,0,0,,,,,,,,85.8347905,156.6473634,162.69433196
PASS,F12_S02,a01,2668262893,B,fixed_summary,high,P1,<AUDIT_ROOT>/extracted_sessions/F12_S02/attempt_a01/B_high/raw/probe/P1/F12_S02_B_high_a01/event_ledger.jsonl,cbd56e55655777699bdece6242742303d90aecbf530e5d7c9786eb4d4be3ce9b,90,0,0,0,,0,0,,,,,,,,1878.3455015,1949.2688508,1959.82063528
PASS,F12_S02,a01,2668262893,B,fixed_summary,high,P2,<AUDIT_ROOT>/extracted_sessions/F12_S02/attempt_a01/B_high/raw/probe/P2/F12_S02_B_high_a01/event_ledger.jsonl,25407f7610149461bd16a678fadf7431b4050f49eff43c917061b25fc6876605,90,0,0,0,,0,0,,,,,,,,713.084493,786.97328355,798.76720087
PASS,F12_S02,a01,2668262893,B,fixed_summary,high,P3,<AUDIT_ROOT>/extracted_sessions/F12_S02/attempt_a01/B_high/raw/probe/P3/F12_S02_B_high_a01/event_ledger.jsonl,9064551608831a20eebecf3b2d1af17c3f35cb249e84a73424e6a1324bb45e42,90,0,0,0,,0,0,,,,,,,,89.01482250000001,158.606801,165.81711648
PASS,F12_S02,a01,2668262893,C,fixed_full,low,P1,<AUDIT_ROOT>/extracted_sessions/F12_S02/attempt_a01/C_low/raw/probe/P1/F12_S02_C_low_a01/event_ledger.jsonl,6db09c3d19289b462b6f2e9db29172efa85548f19722e4c8b3656bac98cb8c57,90,90,90,0,0.0,90,0,0.0,103043.023297,183166.53286285,190326.19922855,104971.996159,185276.91734674998,192440.84679981,1928.972862,2110.3844839,2114.64757126
PASS,F12_S02,a01,2668262893,C,fixed_full,low,P2,<AUDIT_ROOT>/extracted_sessions/F12_S02/attempt_a01/C_low/raw/probe/P2/F12_S02_C_low_a01/event_ledger.jsonl,900d3cc9ba59c55a46dda746525d6576210720bb4bd7cd6502e8ae4d941b1571,90,90,90,0,0.0,90,0,0.0,102995.314694,183187.64816225,190349.41336546998,103758.34545749999,184064.12665935,191228.94170835,763.0307635,876.4784971,879.52834288
PASS,F12_S02,a01,2668262893,C,fixed_full,low,P3,<AUDIT_ROOT>/extracted_sessions/F12_S02/attempt_a01/C_low/raw/probe/P3/F12_S02_C_low_a01/event_ledger.jsonl,db893a0e5ef776c2bf9b03c10b58d704421cdc853ba46531d2d860fa147a2f41,90,90,90,0,0.0,90,0,0.0,102313.019753,182548.8445116,189707.76871599,102391.2038095,182684.75313604999,189850.24445968,78.1840565,135.90862445,142.47574369
PASS,F12_S02,a01,2668262893,C,fixed_full,mid,P1,<AUDIT_ROOT>/extracted_sessions/F12_S02/attempt_a01/C_mid/raw/probe/P1/F12_S02_C_mid_a01/event_ledger.jsonl,2bb62044fbfd77ce991980522ab5172eda3e67852e64b766c495cf034f840038,90,90,90,0,0.0,90,0,0.0,26649.9153505,46670.1177511,48636.74836443,28901.472273,48975.90415744999,50946.68140837,2251.5569225,2305.78640635,2309.93304394
PASS,F12_S02,a01,2668262893,C,fixed_full,mid,P2,<AUDIT_ROOT>/extracted_sessions/F12_S02/attempt_a01/C_mid/raw/probe/P2/F12_S02_C_mid_a01/event_ledger.jsonl,f4d9d2f006dad5d1b08f60e72d2875cd52797eef73dd949419db633b894938c9,90,90,90,0,0.0,90,0,0.0,26974.511835999998,46957.09847685,48909.30874447,27590.9992545,47690.92915505,49660.00928417,616.4874185,733.8306782000001,750.4565322999999
PASS,F12_S02,a01,2668262893,C,fixed_full,mid,P3,<AUDIT_ROOT>/extracted_sessions/F12_S02/attempt_a01/C_mid/raw/probe/P3/F12_S02_C_mid_a01/event_ledger.jsonl,7f4c45b74211a011f2f9c25e9fe114b1a7d36f8ddfb8a850f7bc7c72d939a70b,90,90,90,0,0.0,90,0,0.0,26289.395784,46262.83708725,48205.769679799996,26365.844211,46399.46376635,48349.6864056,76.448427,136.6266791,142.5012442
PASS,F12_S02,a01,2668262893,C,fixed_full,high,P1,<AUDIT_ROOT>/extracted_sessions/F12_S02/attempt_a01/C_high/raw/probe/P1/F12_S02_C_high_a01/event_ledger.jsonl,6f0eff055835fec02236151a97470ca8d6650ab0b6151d39f1e34abdb3ba375f,90,90,90,90,1.0,90,0,0.0,950.9542974999999,988.0862131499999,994.9199103999999,2922.3816500000003,2982.84071515,2988.52611265,1969.4902430000002,1996.61323745,2001.45507331
PASS,F12_S02,a01,2668262893,C,fixed_full,high,P2,<AUDIT_ROOT>/extracted_sessions/F12_S02/attempt_a01/C_high/raw/probe/P2/F12_S02_C_high_a01/event_ledger.jsonl,7b91eda007df5eb18df27e780f01c5e5077c893b61b42bcfcbb12fa7c3ad05c6,90,90,90,89,0.9888888888888889,90,0,0.0,863.8221530000001,958.20063455,995.7357186400001,1692.9121424999998,1798.4500018,1830.90498917,827.2373005,865.14592965,867.94767827
PASS,F12_S02,a01,2668262893,C,fixed_full,high,P3,<AUDIT_ROOT>/extracted_sessions/F12_S02/attempt_a01/C_high/raw/probe/P3/F12_S02_C_high_a01/event_ledger.jsonl,347e06588bd26dc5fe9343d94b0bf27019615e71dc49433d56742a2c9c6de652,90,90,90,90,1.0,90,90,1.0,240.8053405,328.9465633,352.76456405,333.805814,415.7385599,457.91471322,80.026518,145.47161085,151.74843733
PASS,F12_S02,a01,2668262893,D,independent_dpp,low,P1,<AUDIT_ROOT>/extracted_sessions/F12_S02/attempt_a01/D_low/raw/probe/P1/F12_S02_D_low_a01/event_ledger.jsonl,ba9995c05cdf2f4888bf5d153f7c326f241809a6f0d31b8e70a163c9059aa24f,90,22,22,0,0.0,22,0,0.0,3874.313443,3996.11854545,4097.41218228,5813.371953,5872.6480965499995,6000.0003871,1906.3801265,2060.59814435,2063.9515009399997
PASS,F12_S02,a01,2668262893,D,independent_dpp,low,P2,<AUDIT_ROOT>/extracted_sessions/F12_S02/attempt_a01/D_low/raw/probe/P2/F12_S02_D_low_a01/event_ledger.jsonl,b54b9737a7c0dccae4aa2bb878b57697e4b98b767072da1827c9cf0a15d2eb6d,90,22,22,0,0.0,22,0,0.0,3874.523462,4005.55588235,4091.90136691,4658.5019615,4696.5361278499995,4830.68451001,748.0039409999999,899.5340022,904.33826516
PASS,F12_S02,a01,2668262893,D,independent_dpp,low,P3,<AUDIT_ROOT>/extracted_sessions/F12_S02/attempt_a01/D_low/raw/probe/P3/F12_S02_D_low_a01/event_ledger.jsonl,c3f0c5c2549d74b498422d32e77b3e9f07b07e9d440a36aa4f4539ac7d5aff3e,90,22,22,0,0.0,22,0,0.0,3135.5795625,3194.06439815,3324.9863783299998,3212.076881,3276.25697205,3412.8647746799998,78.882191,141.97822245,147.45124443
PASS,F12_S02,a01,2668262893,D,independent_dpp,mid,P1,<AUDIT_ROOT>/extracted_sessions/F12_S02/attempt_a01/D_mid/raw/probe/P1/F12_S02_D_mid_a01/event_ledger.jsonl,ed9270de4a36b8e13d0e8b6e8abd5d3d4630fa8a18cff6815ba1230227140c09,90,45,45,0,0.0,45,0,0.0,1890.411617,1927.008256,1984.8037642400002,3871.570318,3930.8887468000003,3944.1433814,1980.3200695,2013.9122616,2015.60208637
PASS,F12_S02,a01,2668262893,D,independent_dpp,mid,P2,<AUDIT_ROOT>/extracted_sessions/F12_S02/attempt_a01/D_mid/raw/probe/P2/F12_S02_D_mid_a01/event_ledger.jsonl,bc34b4cbb9751745ca7ef8333f58fdcb39eb9256c7c368080eb03eb4a6662cdf,90,45,45,0,0.0,45,0,0.0,1868.875773,1907.7744146,1973.7470523200002,2568.234182,2624.4037534,2641.9242113200003,703.826454,732.1385917,733.95747296
PASS,F12_S02,a01,2668262893,D,independent_dpp,mid,P3,<AUDIT_ROOT>/extracted_sessions/F12_S02/attempt_a01/D_mid/raw/probe/P3/F12_S02_D_mid_a01/event_ledger.jsonl,380b2a67b337e1d980080346ce059ad1a3daa69c2dfb6c914438d873979dfa7a,90,45,45,0,0.0,45,0,0.0,1140.385908,1198.5167106,1262.0848298800001,1224.838446,1288.9669562000001,1303.3792328,79.490162,147.75671475000001,152.51867436999999
PASS,F12_S02,a01,2668262893,D,independent_dpp,high,P1,<AUDIT_ROOT>/extracted_sessions/F12_S02/attempt_a01/D_high/raw/probe/P1/F12_S02_D_high_a01/event_ledger.jsonl,9142e588e572b04783bac190d0b97eaaa19401b684bbe017451ecb5e681e610d,90,90,90,82,0.9111111111111111,90,0,0.0,945.994903,1011.02308935,1026.5551010499998,2908.6341825,2999.948561,3034.13715242,1982.0152235,2052.82844415,2055.97078487
PASS,F12_S02,a01,2668262893,D,independent_dpp,high,P2,<AUDIT_ROOT>/extracted_sessions/F12_S02/attempt_a01/D_high/raw/probe/P2/F12_S02_D_high_a01/event_ledger.jsonl,55ed2f536a60ace123f5c55d56f6097381f42242684d26c75955c0197974fa06,90,90,90,84,0.9333333333333333,90,0,0.0,892.2783645,1002.86804345,1042.86318859,1653.7446869999999,1766.90992085,1791.43496225,787.175581,831.0435082500001,832.86978921
PASS,F12_S02,a01,2668262893,D,independent_dpp,high,P3,<AUDIT_ROOT>/extracted_sessions/F12_S02/attempt_a01/D_high/raw/probe/P3/F12_S02_D_high_a01/event_ledger.jsonl,669183f4b6027ecbec5d07b334936a5986d28a57041114dff3d36a51d4dc32ea,90,90,90,90,1.0,90,90,1.0,260.52616350000005,362.0642403499999,464.0476362399999,351.794734,482.39442504999994,590.6956561099998,78.036469,137.49057065,141.71553515
PASS,F12_S02,a01,2668262893,E,central_dpp,low,P1,<AUDIT_ROOT>/extracted_sessions/F12_S02/attempt_a01/E_low/raw/probe/P1/F12_S02_E_low_a01/event_ledger.jsonl,30c35bdeb168989b65f03ed05bca3b07c1d2f01205b116f647c253b1dba7551f,90,0,0,0,,0,0,,,,,,,,2017.6003569999998,2154.1870404,2157.51651047
PASS,F12_S02,a01,2668262893,E,central_dpp,low,P2,<AUDIT_ROOT>/extracted_sessions/F12_S02/attempt_a01/E_low/raw/probe/P2/F12_S02_E_low_a01/event_ledger.jsonl,8d8689b4fa631f8823eecdbfd90285d7785e5c7c0efdda1d4f24cb97bb59c46f,90,0,0,0,,0,0,,,,,,,,738.4620480000001,861.68196705,865.2229532299999
PASS,F12_S02,a01,2668262893,E,central_dpp,low,P3,<AUDIT_ROOT>/extracted_sessions/F12_S02/attempt_a01/E_low/raw/probe/P3/F12_S02_E_low_a01/event_ledger.jsonl,04a8fd7bc86de42b7c0c959046e400f71e7039674de9d0f1b802dc4353582a9c,90,0,0,0,,0,0,,,,,,,,87.8501315,158.28625019999998,164.13120096
PASS,F12_S02,a01,2668262893,E,central_dpp,mid,P1,<AUDIT_ROOT>/extracted_sessions/F12_S02/attempt_a01/E_mid/raw/probe/P1/F12_S02_E_mid_a01/event_ledger.jsonl,530d868c0c0e20a096f24deb41c77d6bfaefff862f7f3d16b5cfd5ddc5bb409c,90,30,30,22,0.7333333333333333,30,0,0.0,987.9515295,1021.9310927500001,1057.97038056,2933.6474245,3017.09560735,3044.20682767,1936.654337,2071.5526480500002,2074.83219946
PASS,F12_S02,a01,2668262893,E,central_dpp,mid,P2,<AUDIT_ROOT>/extracted_sessions/F12_S02/attempt_a01/E_mid/raw/probe/P2/F12_S02_E_mid_a01/event_ledger.jsonl,38fe3fd3fa799fe5260512ca06eaf00386cfa1ecb37e25102eb958b5547abf9a,90,30,30,28,0.9333333333333333,30,0,0.0,954.2770370000001,1006.26381565,1048.7684257600001,1812.3327825,1886.1401484,1905.72615057,881.077857,913.5584875,916.21177772
PASS,F12_S02,a01,2668262893,E,central_dpp,mid,P3,<AUDIT_ROOT>/extracted_sessions/F12_S02/attempt_a01/E_mid/raw/probe/P3/F12_S02_E_mid_a01/event_ledger.jsonl,a35b34753e4833729ab270dfdddaa371d6b31602ab812cdcb581ede84471354a,90,30,30,30,1.0,30,30,1.0,274.169939,325.40608149999997,376.32324642000003,365.230274,446.6774957,480.40207194000004,86.19587250000001,150.41554945,156.41038481
PASS,F12_S02,a01,2668262893,E,central_dpp,high,P1,<AUDIT_ROOT>/extracted_sessions/F12_S02/attempt_a01/E_high/raw/probe/P1/F12_S02_E_high_a01/event_ledger.jsonl,9d4f14be063c274fc86b6b253e2ac14453709910d2248f79d7a92575eb54302d,90,90,90,83,0.9222222222222223,90,0,0.0,913.88337,1004.7615127,1024.63595967,2865.674869,2951.4307835,2994.90424713,1942.0225449999998,1995.4103499,1999.96877541
PASS,F12_S02,a01,2668262893,E,central_dpp,high,P2,<AUDIT_ROOT>/extracted_sessions/F12_S02/attempt_a01/E_high/raw/probe/P2/F12_S02_E_high_a01/event_ledger.jsonl,798b93813cd672ca03f246412c099b3d04cea8d2e81df4fd8741739cda19edad,90,90,90,85,0.9444444444444444,90,0,0.0,874.0844665,997.7895745999999,1039.33404904,1674.2249745,1782.8254103499999,1823.35645344,816.7127485000001,862.29311395,865.55357987
PASS,F12_S02,a01,2668262893,E,central_dpp,high,P3,<AUDIT_ROOT>/extracted_sessions/F12_S02/attempt_a01/E_high/raw/probe/P3/F12_S02_E_high_a01/event_ledger.jsonl,10c3e0c232836a7472ffae88bcecd8f34d3178c690f476d713b3c156a89b48f6,90,90,90,90,1.0,90,90,1.0,259.4952025,368.70475369999997,403.1170445899999,349.9520675,470.6569249,507.00381132,81.3437105,145.83911125,151.83568341999998
PASS,F12_S02,a01,2668262893,F,shielded_dpp,low,P1,<AUDIT_ROOT>/extracted_sessions/F12_S02/attempt_a01/F_low/raw/probe/P1/F12_S02_F_low_a01/event_ledger.jsonl,7308a3481f200beedc7a7518462ef7b0ce27b9af6a7237361fd3067332f17dba,90,0,0,0,,0,0,,,,,,,,1931.3643065,1995.6705450499999,1999.12705742
PASS,F12_S02,a01,2668262893,F,shielded_dpp,low,P2,<AUDIT_ROOT>/extracted_sessions/F12_S02/attempt_a01/F_low/raw/probe/P2/F12_S02_F_low_a01/event_ledger.jsonl,cee1aef88fefd51af4274b8a3505b7016754e375d1bf758bae601a20b4ed16ef,90,0,0,0,,0,0,,,,,,,,842.4188750000001,903.9118607,908.04029796
PASS,F12_S02,a01,2668262893,F,shielded_dpp,low,P3,<AUDIT_ROOT>/extracted_sessions/F12_S02/attempt_a01/F_low/raw/probe/P3/F12_S02_F_low_a01/event_ledger.jsonl,2ca6903b7d04e6d1cb44782907673b633ce48552d2bc3f0db7f89b63b0e1ea7b,90,0,0,0,,0,0,,,,,,,,86.5827925,160.6043473,168.29766528000002
PASS,F12_S02,a01,2668262893,F,shielded_dpp,mid,P1,<AUDIT_ROOT>/extracted_sessions/F12_S02/attempt_a01/F_mid/raw/probe/P1/F12_S02_F_mid_a01/event_ledger.jsonl,c905130b98628a85da22c49b16d430d895be28ec6a5f50d4908dac6b919fa09c,90,30,30,27,0.9,30,0,0.0,926.1551085,1024.27126385,1063.54943929,3054.0196400000004,3108.56133285,3130.6996723300003,2120.5652055,2150.5612149999997,2151.67930656
PASS,F12_S02,a01,2668262893,F,shielded_dpp,mid,P2,<AUDIT_ROOT>/extracted_sessions/F12_S02/attempt_a01/F_mid/raw/probe/P2/F12_S02_F_mid_a01/event_ledger.jsonl,d7120520727a57c865e5da2c629eeae8adf0dc937210b45da67f2ba82842ec83,90,30,30,27,0.9,30,0,0.0,949.8548615,1031.9454933,1059.73964546,1731.263259,1800.88720765,1869.56071876,793.9415125,826.3567085000001,828.92496802
PASS,F12_S02,a01,2668262893,F,shielded_dpp,mid,P3,<AUDIT_ROOT>/extracted_sessions/F12_S02/attempt_a01/F_mid/raw/probe/P3/F12_S02_F_mid_a01/event_ledger.jsonl,511ce7c0733eef59c05b1c8389cbcd9a636f1585f60de7f4d9531c0a1391be25,90,30,30,30,1.0,30,30,1.0,279.467008,339.87916149999995,379.49373089000005,367.3433255,433.68442144999995,456.64717536,80.320213,147.96007285,155.89598029
PASS,F12_S02,a01,2668262893,F,shielded_dpp,high,P1,<AUDIT_ROOT>/extracted_sessions/F12_S02/attempt_a01/F_high/raw/probe/P1/F12_S02_F_high_a01/event_ledger.jsonl,c718298cce5ae02c9edb3ac9c17f69cc35aa802d02fcbb155288e2ecbaf1706b,90,90,90,85,0.9444444444444444,90,0,0.0,934.3882995,999.2259770000001,1028.45119408,2892.1311885,2979.76089285,3005.4052475099998,1954.8829285000002,2007.41293685,2039.4419074
PASS,F12_S02,a01,2668262893,F,shielded_dpp,high,P2,<AUDIT_ROOT>/extracted_sessions/F12_S02/attempt_a01/F_high/raw/probe/P2/F12_S02_F_high_a01/event_ledger.jsonl,7b9a7f6e307960eee11db9f72662493c78944feb782e4e1e29c88b7b90369c59,90,90,90,84,0.9333333333333333,90,0,0.0,872.8596150000001,1007.7458909,1054.84194658,1668.8610724999999,1762.05617475,1845.81993433,781.0282675000001,858.64813335,873.61765619
PASS,F12_S02,a01,2668262893,F,shielded_dpp,high,P3,<AUDIT_ROOT>/extracted_sessions/F12_S02/attempt_a01/F_high/raw/probe/P3/F12_S02_F_high_a01/event_ledger.jsonl,86fb335205a34f92c6449e99a2d6344467db49eaee1e2d37e8a07660c8e12eac,90,90,90,90,1.0,90,90,1.0,247.5511395,326.779437,356.41329771,330.8364305,442.52878335,475.31881222,81.4569235,140.35272585,145.75382027
PASS,F12_S03,a02,1809636670,A,fixed_local,low,P1,<AUDIT_ROOT>/extracted_sessions/F12_S03/attempt_a02/A_low/raw/probe/P1/F12_S03_A_low_a02/event_ledger.jsonl,32da8087f0b78a3338a02a3dda5ee3de06071ddd9c45dcdc9765cff7f5af131c,90,0,0,0,,0,0,,,,,,,,1892.311428,1942.77429295,1950.81948832
PASS,F12_S03,a02,1809636670,A,fixed_local,low,P2,<AUDIT_ROOT>/extracted_sessions/F12_S03/attempt_a02/A_low/raw/probe/P2/F12_S03_A_low_a02/event_ledger.jsonl,5bbb5240b2ceecbca7b7943739f9b4e5e2c4c94f533417d8aed3ef048997983a,90,0,0,0,,0,0,,,,,,,,676.847077,732.78262065,744.0041086399999
PASS,F12_S03,a02,1809636670,A,fixed_local,low,P3,<AUDIT_ROOT>/extracted_sessions/F12_S03/attempt_a02/A_low/raw/probe/P3/F12_S03_A_low_a02/event_ledger.jsonl,27bc6adb1fbd439b5b67382e1d9d89cf19f8ba53f0468f30097320fda306dc50,90,0,0,0,,0,0,,,,,,,,90.0454225,162.605748,169.31488705
PASS,F12_S03,a02,1809636670,A,fixed_local,mid,P1,<AUDIT_ROOT>/extracted_sessions/F12_S03/attempt_a02/A_mid/raw/probe/P1/F12_S03_A_mid_a02/event_ledger.jsonl,c3e004a6a00762319cca410c2a60d2479ce8b2f04a8abc785d1cee972fed7e74,90,0,0,0,,0,0,,,,,,,,1823.2735865,1868.5403663499999,1871.0607743799999
PASS,F12_S03,a02,1809636670,A,fixed_local,mid,P2,<AUDIT_ROOT>/extracted_sessions/F12_S03/attempt_a02/A_mid/raw/probe/P2/F12_S03_A_mid_a02/event_ledger.jsonl,600e0fc333110b57b60214bbcb6d079fe26edc27ccf3b8e0d69072066c31d288,90,0,0,0,,0,0,,,,,,,,736.6271194999999,837.7061774,840.18688256
PASS,F12_S03,a02,1809636670,A,fixed_local,mid,P3,<AUDIT_ROOT>/extracted_sessions/F12_S03/attempt_a02/A_mid/raw/probe/P3/F12_S03_A_mid_a02/event_ledger.jsonl,978f2965cfda21735b72f7c8f7bbf817a98d90926f46b9ebf987d8340cb02f5e,90,0,0,0,,0,0,,,,,,,,89.2032775,160.33948975,166.44947571999998
PASS,F12_S03,a02,1809636670,A,fixed_local,high,P1,<AUDIT_ROOT>/extracted_sessions/F12_S03/attempt_a02/A_high/raw/probe/P1/F12_S03_A_high_a02/event_ledger.jsonl,6719bb4b609bd3331518e0f395562b6131d6160bf4572da2d05d770aca2c6e4d,90,0,0,0,,0,0,,,,,,,,1939.5091045,2052.6873147,2061.33750353
PASS,F12_S03,a02,1809636670,A,fixed_local,high,P2,<AUDIT_ROOT>/extracted_sessions/F12_S03/attempt_a02/A_high/raw/probe/P2/F12_S03_A_high_a02/event_ledger.jsonl,0a5cd9cfebc0927aa2d7ab0eb1f051a09e2559eba3e2040015f06ee7883ec17c,90,0,0,0,,0,0,,,,,,,,724.358346,838.36454385,852.65143749
PASS,F12_S03,a02,1809636670,A,fixed_local,high,P3,<AUDIT_ROOT>/extracted_sessions/F12_S03/attempt_a02/A_high/raw/probe/P3/F12_S03_A_high_a02/event_ledger.jsonl,fb65f1a46ab49ec3c922af1cad03a94e2ebafd074d4d5f10d97e4619871b9de3,90,0,0,0,,0,0,,,,,,,,90.7968145,167.29813215,174.32699958999999
PASS,F12_S03,a02,1809636670,B,fixed_summary,low,P1,<AUDIT_ROOT>/extracted_sessions/F12_S03/attempt_a02/B_low/raw/probe/P1/F12_S03_B_low_a02/event_ledger.jsonl,c1f53f40badf207a4ca87fa2a92d8d33af91c383a2bc1b8432124d2f53bac611,90,0,0,0,,0,0,,,,,,,,1926.44117,1967.59471775,1971.1401124400002
PASS,F12_S03,a02,1809636670,B,fixed_summary,low,P2,<AUDIT_ROOT>/extracted_sessions/F12_S03/attempt_a02/B_low/raw/probe/P2/F12_S03_B_low_a02/event_ledger.jsonl,4ca6c9dbbcb27fc36716463172a92282deebd2688862b243a6b9d12751e9a71a,90,0,0,0,,0,0,,,,,,,,710.4765125,757.22145395,762.55503578
PASS,F12_S03,a02,1809636670,B,fixed_summary,low,P3,<AUDIT_ROOT>/extracted_sessions/F12_S03/attempt_a02/B_low/raw/probe/P3/F12_S03_B_low_a02/event_ledger.jsonl,4b55445550250ae98039b28f1a158feb02ac7db72573565cd0e737b698f7a8f0,90,0,0,0,,0,0,,,,,,,,90.0607665,166.01330715,172.41820692
PASS,F12_S03,a02,1809636670,B,fixed_summary,mid,P1,<AUDIT_ROOT>/extracted_sessions/F12_S03/attempt_a02/B_mid/raw/probe/P1/F12_S03_B_mid_a02/event_ledger.jsonl,ac866c2877a9dce336687ceba37944b488662a94bb45f55d2b4794d191be5969,90,0,0,0,,0,0,,,,,,,,2190.5343325,2233.9790417,2237.55312782
PASS,F12_S03,a02,1809636670,B,fixed_summary,mid,P2,<AUDIT_ROOT>/extracted_sessions/F12_S03/attempt_a02/B_mid/raw/probe/P2/F12_S03_B_mid_a02/event_ledger.jsonl,3287017e9ab809615fed96686855258f039a411e34daf0d32685aa8af17c2a55,90,0,0,0,,0,0,,,,,,,,877.0647795,918.5170929,922.57262579
PASS,F12_S03,a02,1809636670,B,fixed_summary,mid,P3,<AUDIT_ROOT>/extracted_sessions/F12_S03/attempt_a02/B_mid/raw/probe/P3/F12_S03_B_mid_a02/event_ledger.jsonl,943e4bb849a26de9e2ceebf2b46a20ab5f59503a7a740304319cdceea79b9456,90,0,0,0,,0,0,,,,,,,,90.771346,162.76587295,169.3145117
PASS,F12_S03,a02,1809636670,B,fixed_summary,high,P1,<AUDIT_ROOT>/extracted_sessions/F12_S03/attempt_a02/B_high/raw/probe/P1/F12_S03_B_high_a02/event_ledger.jsonl,f059160d5a9af2451093051d3677397918a9ca9a914830d6bdfbb747e5cd4db4,90,0,0,0,,0,0,,,,,,,,2024.143404,2062.4585062,2066.04455782
PASS,F12_S03,a02,1809636670,B,fixed_summary,high,P2,<AUDIT_ROOT>/extracted_sessions/F12_S03/attempt_a02/B_high/raw/probe/P2/F12_S03_B_high_a02/event_ledger.jsonl,66029175888802638b946b78db270c0164df6962558f61c548d0eaace8052d9d,90,0,0,0,,0,0,,,,,,,,748.8395045,787.6677930000001,790.70568635
PASS,F12_S03,a02,1809636670,B,fixed_summary,high,P3,<AUDIT_ROOT>/extracted_sessions/F12_S03/attempt_a02/B_high/raw/probe/P3/F12_S03_B_high_a02/event_ledger.jsonl,c6d12debd3a85979dfcdc2cde8ca0a585dce6ad729e345da2e82ba716af75436,90,0,0,0,,0,0,,,,,,,,89.310267,160.2274358,166.33462876
PASS,F12_S03,a02,1809636670,C,fixed_full,low,P1,<AUDIT_ROOT>/extracted_sessions/F12_S03/attempt_a02/C_low/raw/probe/P1/F12_S03_C_low_a02/event_ledger.jsonl,ae693aa5bc4adeb396ef7a0b09d24df46ba2f06d1a5eb32027668a07e4486375,90,90,90,0,0.0,90,0,0.0,103105.1736315,183244.2686906,190394.98263862001,105069.004307,185338.7254504,192492.10296507,1963.8306754999999,2094.4567598,2097.12032645
PASS,F12_S03,a02,1809636670,C,fixed_full,low,P2,<AUDIT_ROOT>/extracted_sessions/F12_S03/attempt_a02/C_low/raw/probe/P2/F12_S03_C_low_a02/event_ledger.jsonl,bbecb9e40c5ebfbe2b6a0337853685d37f315858c57bca01d5be8059507e5583,90,90,90,0,0.0,90,0,0.0,103014.930761,183234.1009731,190355.43381607,103879.2177515,184160.42911214998,191303.35428231,864.2869905,926.32813905,947.92046624
PASS,F12_S03,a02,1809636670,C,fixed_full,low,P3,<AUDIT_ROOT>/extracted_sessions/F12_S03/attempt_a02/C_low/raw/probe/P3/F12_S03_C_low_a02/event_ledger.jsonl,70ff7953ba4c36b3e1752f83a2f0254d2828456d332e79355fb5988083763d34,90,90,90,0,0.0,90,0,0.0,102325.7645895,182533.3904437,189667.31482071,102404.00979350001,182680.7632121,189821.22395446,78.245204,147.3727684,153.90913375
PASS,F12_S03,a02,1809636670,C,fixed_full,mid,P1,<AUDIT_ROOT>/extracted_sessions/F12_S03/attempt_a02/C_mid/raw/probe/P1/F12_S03_C_mid_a02/event_ledger.jsonl,2619f1c11bb77b974c7f20ef55ca1e08cf6c6df363789d3841d63e62aaa209d8,90,90,90,0,0.0,90,0,0.0,27030.129174499998,47026.0387847,49011.91071762,28933.692151,49001.430451500004,50988.594445639996,1903.5629764999999,1975.4053072000002,1976.49682598
PASS,F12_S03,a02,1809636670,C,fixed_full,mid,P2,<AUDIT_ROOT>/extracted_sessions/F12_S03/attempt_a02/C_mid/raw/probe/P2/F12_S03_C_mid_a02/event_ledger.jsonl,bf0ef0edf8ed9cfac7b62441c962c2f67f13976489fd80fadd809dfab95ad245,90,90,90,0,0.0,90,0,0.0,26982.690246,46979.61861295,48976.202554300005,27734.6699325,47804.405412449996,49806.444928490004,751.9796865000001,824.7867995,829.78430281
PASS,F12_S03,a02,1809636670,C,fixed_full,mid,P3,<AUDIT_ROOT>/extracted_sessions/F12_S03/attempt_a02/C_mid/raw/probe/P3/F12_S03_C_mid_a02/event_ledger.jsonl,db4f3075a80e334f192a815dd35abb4df49c6998f2ec65af8969239e345258cb,90,90,90,0,0.0,90,0,0.0,26276.978698,46221.72894555,48194.137832730004,26357.724521999997,46363.03816045,48342.45088559,80.745824,141.3092149,147.57651914
PASS,F12_S03,a02,1809636670,C,fixed_full,high,P1,<AUDIT_ROOT>/extracted_sessions/F12_S03/attempt_a02/C_high/raw/probe/P1/F12_S03_C_high_a02/event_ledger.jsonl,148536f48d5cdfdd4525839706ba59007be5a68760b65185026660a36e9e9ca8,90,90,90,87,0.9666666666666667,90,0,0.0,923.7873589999999,993.73441425,1033.7879898200001,2932.601582,3015.0973607,3095.0097534,2006.0941215,2050.0057991,2098.3824535000003
PASS,F12_S03,a02,1809636670,C,fixed_full,high,P2,<AUDIT_ROOT>/extracted_sessions/F12_S03/attempt_a02/C_high/raw/probe/P2/F12_S03_C_high_a02/event_ledger.jsonl,ef86bb68158762f611ac89e1c23266ea39499a781091f8b8e174e19bf75f74fc,90,90,90,84,0.9333333333333333,90,0,0.0,915.0265025000001,1006.7711026,1036.1707780599997,1762.230858,1866.83240785,1924.7401987399999,847.8092234999999,892.24737635,1004.33911484
PASS,F12_S03,a02,1809636670,C,fixed_full,high,P3,<AUDIT_ROOT>/extracted_sessions/F12_S03/attempt_a02/C_high/raw/probe/P3/F12_S03_C_high_a02/event_ledger.jsonl,72de175e016712d771a8f8ad87de40ce9ce2f7e46652ac477d9565d22d0928dc,90,90,90,90,1.0,90,90,1.0,237.131554,327.69734735,351.09910260000004,335.7189045,438.3950247,489.40524528,86.9481815,150.9412964,156.03811019
PASS,F12_S03,a02,1809636670,D,independent_dpp,low,P1,<AUDIT_ROOT>/extracted_sessions/F12_S03/attempt_a02/D_low/raw/probe/P1/F12_S03_D_low_a02/event_ledger.jsonl,00e1c145fc9842f76e49891237c08f28e60168277761c82bfe06411ca414a484,90,22,22,0,0.0,22,0,0.0,3897.3616635,3974.2945594,3982.1480195599997,5836.4888505,5935.392429500001,5943.55178583,1937.5407865000002,2023.6831941,2025.49434626
PASS,F12_S03,a02,1809636670,D,independent_dpp,low,P2,<AUDIT_ROOT>/extracted_sessions/F12_S03/attempt_a02/D_low/raw/probe/P2/F12_S03_D_low_a02/event_ledger.jsonl,0010f603e9a62825c4b0b8f3393534da5ef35ae9b13df242800642f73b6f477d,90,22,22,0,0.0,22,0,0.0,3892.879556,3977.9388538,3983.08596896,4655.9492064999995,4743.802578299999,4756.96579929,755.308605,831.9982496,841.56796331
PASS,F12_S03,a02,1809636670,D,independent_dpp,low,P3,<AUDIT_ROOT>/extracted_sessions/F12_S03/attempt_a02/D_low/raw/probe/P3/F12_S03_D_low_a02/event_ledger.jsonl,a57b345423f8c8a91032f2206b1222334122f5afb8756ac60f368babc4b3fdd9,90,22,22,0,0.0,22,0,0.0,3129.374043,3206.56751465,3207.30577066,3222.481445,3326.0734654,3339.53170297,81.9818595,151.5553526,158.62129065
PASS,F12_S03,a02,1809636670,D,independent_dpp,mid,P1,<AUDIT_ROOT>/extracted_sessions/F12_S03/attempt_a02/D_mid/raw/probe/P1/F12_S03_D_mid_a02/event_ledger.jsonl,6bf0ba54c2203cc786e925a95d207199f22b698ac05f665590114431eabaa8e0,90,45,45,0,0.0,45,0,0.0,1275.065656,1956.6516598,4601.484137600011,8606.5336,8667.336012,8693.59194764,7335.7014105,7390.6661156499995,7395.386211059999
PASS,F12_S03,a02,1809636670,D,independent_dpp,mid,P2,<AUDIT_ROOT>/extracted_sessions/F12_S03/attempt_a02/D_mid/raw/probe/P2/F12_S03_D_mid_a02/event_ledger.jsonl,84a7e173cafef27d912a59a270bae9ded6b77b6a7c8d3d42339a3f7f030025d2,90,45,45,0,0.0,45,0,0.0,1241.59284,1931.6074036,4577.125905600011,7471.033075,7535.3766874,7548.698712599999,6235.9949115,6290.3192899999995,6295.69655631
PASS,F12_S03,a02,1809636670,D,independent_dpp,mid,P3,<AUDIT_ROOT>/extracted_sessions/F12_S03/attempt_a02/D_mid/raw/probe/P3/F12_S03_D_mid_a02/event_ledger.jsonl,9a922694ea337e3f0dd9d00fb4eda8586cd84f73242b821db832ec214e8577ae,90,45,45,0,0.0,45,0,0.0,1138.554356,1167.6865,3810.0321722400104,5987.194739,6054.8855392000005,6084.8060432,4851.819637500001,4918.8915082,4924.174881739999
PASS,F12_S03,a02,1809636670,D,independent_dpp,high,P1,<AUDIT_ROOT>/extracted_sessions/F12_S03/attempt_a02/D_high/raw/probe/P1/F12_S03_D_high_a02/event_ledger.jsonl,93ff486eedb5508d6182ea1bb8c0bbba019711d11d3fcb9c5f75ccf12666c07b,90,90,90,89,0.9888888888888889,90,0,0.0,934.0627465,985.5666740500001,988.21996028,2831.9464285,2890.96073135,2950.3047365499997,1866.9541414999999,2014.7483135,2018.83030259
PASS,F12_S03,a02,1809636670,D,independent_dpp,high,P2,<AUDIT_ROOT>/extracted_sessions/F12_S03/attempt_a02/D_high/raw/probe/P2/F12_S03_D_high_a02/event_ledger.jsonl,cfceb98c0804bf5f895684ba73e97b36775f7f0a7f2acdfc168510bf80173acb,90,90,90,86,0.9555555555555556,90,0,0.0,908.7922834999999,996.08415495,1026.28341968,1632.2976644999999,1714.63269515,1757.7831080199999,699.5345709999999,814.49611635,817.03730285
PASS,F12_S03,a02,1809636670,D,independent_dpp,high,P3,<AUDIT_ROOT>/extracted_sessions/F12_S03/attempt_a02/D_high/raw/probe/P3/F12_S03_D_high_a02/event_ledger.jsonl,7fec0dbc7b14e716421fc2217fcb5ab8502b8abd0babb33dccf937647129b4f1,90,90,90,90,1.0,90,90,1.0,233.590911,317.271306,339.30633969999997,318.3030845,408.06998515,461.44867121,74.2950235,134.0740253,139.66849037
PASS,F12_S03,a02,1809636670,E,central_dpp,low,P1,<AUDIT_ROOT>/extracted_sessions/F12_S03/attempt_a02/E_low/raw/probe/P1/F12_S03_E_low_a02/event_ledger.jsonl,94da36b2f861f9b38c5d7cdc88be6a01f15b2a88e5ebc9d3d1408120007e9dca,90,0,0,0,,0,0,,,,,,,,1984.5197145,2024.738095,2030.17639777
PASS,F12_S03,a02,1809636670,E,central_dpp,low,P2,<AUDIT_ROOT>/extracted_sessions/F12_S03/attempt_a02/E_low/raw/probe/P2/F12_S03_E_low_a02/event_ledger.jsonl,ae1389dd8343e4ce027417af270691b647f967b0ee08e0da72cc7320e8c5ce60,90,0,0,0,,0,0,,,,,,,,838.3568045,875.0597119,878.33033517
PASS,F12_S03,a02,1809636670,E,central_dpp,low,P3,<AUDIT_ROOT>/extracted_sessions/F12_S03/attempt_a02/E_low/raw/probe/P3/F12_S03_E_low_a02/event_ledger.jsonl,53d9bab137d80798a5ee3704152e06ac2023cacd71fefd355a722e63d5a1f807,90,0,0,0,,0,0,,,,,,,,90.14974699999999,161.41457219999998,168.25634962
PASS,F12_S03,a02,1809636670,E,central_dpp,mid,P1,<AUDIT_ROOT>/extracted_sessions/F12_S03/attempt_a02/E_mid/raw/probe/P1/F12_S03_E_mid_a02/event_ledger.jsonl,52b33199f094ad004f9aedc48d264a0e2b7a38009bfd38dfdb763d9f26ea7931,90,30,30,26,0.8666666666666667,30,0,0.0,971.191101,1009.7660956,1040.1082451700001,2922.8319005000003,3012.2249503499997,3020.70928861,1949.125239,2028.9024011000001,2031.09178164
PASS,F12_S03,a02,1809636670,E,central_dpp,mid,P2,<AUDIT_ROOT>/extracted_sessions/F12_S03/attempt_a02/E_mid/raw/probe/P2/F12_S03_E_mid_a02/event_ledger.jsonl,86df6f5eceede150dc73362bdf300ccb598122e839ae0ad7214ec994c150b431,90,30,30,23,0.7666666666666667,30,0,0.0,951.4464475,1024.68142465,1050.5559876900002,1825.0506235,1930.25777355,1935.14177618,915.262678,954.18468035,957.06447421
PASS,F12_S03,a02,1809636670,E,central_dpp,mid,P3,<AUDIT_ROOT>/extracted_sessions/F12_S03/attempt_a02/E_mid/raw/probe/P3/F12_S03_E_mid_a02/event_ledger.jsonl,ce7700bfc18b083178cfdf7bedc645343804ec05ef220e169af2ca9392781d77,90,30,30,30,1.0,30,30,1.0,288.2067695,355.37219709999994,373.41347687,358.8027035,487.37438034999997,508.29264121,81.0060115,147.8398278,154.94922102
PASS,F12_S03,a02,1809636670,E,central_dpp,high,P1,<AUDIT_ROOT>/extracted_sessions/F12_S03/attempt_a02/E_high/raw/probe/P1/F12_S03_E_high_a02/event_ledger.jsonl,f99e0f29c0adcab89fea1f91180f680c4f3372be9420917028e5dc32d9b5087e,90,90,90,87,0.9666666666666667,90,0,0.0,911.4714180000001,982.7589724999999,1015.52351777,2880.8220105,2982.572553,3006.7649822900003,1963.0605585,2023.07544075,2025.8726107
PASS,F12_S03,a02,1809636670,E,central_dpp,high,P2,<AUDIT_ROOT>/extracted_sessions/F12_S03/attempt_a02/E_high/raw/probe/P2/F12_S03_E_high_a02/event_ledger.jsonl,2510a7e47a3c664f86c9ed7acddd68cb8db2c0a7f57bd0054b5138d23cdab7d4,90,90,90,90,1.0,90,0,0.0,846.251852,940.8464609499999,948.37517851,1706.83815,1815.24433445,1835.64564108,856.0857215000001,892.490493,896.58627612
PASS,F12_S03,a02,1809636670,E,central_dpp,high,P3,<AUDIT_ROOT>/extracted_sessions/F12_S03/attempt_a02/E_high/raw/probe/P3/F12_S03_E_high_a02/event_ledger.jsonl,0cd8ae597b0ca941226ff566d8c4f70058417d4fa62ac00cfd1a6d14cacd9974,90,90,90,90,1.0,90,90,1.0,247.197658,334.886194,369.12711467,326.23195699999997,429.79378944999996,492.92598814,73.24761749999999,133.842931,140.07610936
PASS,F12_S03,a02,1809636670,F,shielded_dpp,low,P1,<AUDIT_ROOT>/extracted_sessions/F12_S03/attempt_a02/F_low/raw/probe/P1/F12_S03_F_low_a02/event_ledger.jsonl,83682d23d6b387e37c6f7413fcb22589ead8c79df9a412d0beb92c191a2af2ae,90,0,0,0,,0,0,,,,,,,,2074.5971715,2116.7335577,2120.33485304
PASS,F12_S03,a02,1809636670,F,shielded_dpp,low,P2,<AUDIT_ROOT>/extracted_sessions/F12_S03/attempt_a02/F_low/raw/probe/P2/F12_S03_F_low_a02/event_ledger.jsonl,acfb16205b6e8c6745207315fe4f69b547e95bb5df3956884509a38edac0c38a,90,0,0,0,,0,0,,,,,,,,627.9438299999999,665.5208048000001,668.1434198000001
PASS,F12_S03,a02,1809636670,F,shielded_dpp,low,P3,<AUDIT_ROOT>/extracted_sessions/F12_S03/attempt_a02/F_low/raw/probe/P3/F12_S03_F_low_a02/event_ledger.jsonl,0d02fb3d1dfda59a4b00ef519410aa87e33171da4ddc5c74a558aa276028d07e,90,0,0,0,,0,0,,,,,,,,84.06175,154.79314905,160.47585916
PASS,F12_S03,a02,1809636670,F,shielded_dpp,mid,P1,<AUDIT_ROOT>/extracted_sessions/F12_S03/attempt_a02/F_mid/raw/probe/P1/F12_S03_F_mid_a02/event_ledger.jsonl,91ab1367e25a26f4b958071f27e8b1a6f606df219400ae6f2778c30b245d5a69,90,30,30,24,0.8,30,0,0.0,955.6826145,1021.74489765,1052.1504809,2954.1187695,3076.1265576,3117.73141453,2003.2704155000001,2147.8992381,2150.13520793
PASS,F12_S03,a02,1809636670,F,shielded_dpp,mid,P2,<AUDIT_ROOT>/extracted_sessions/F12_S03/attempt_a02/F_mid/raw/probe/P2/F12_S03_F_mid_a02/event_ledger.jsonl,d4453974a9d361289393d30decef72ec416a061fd27708babb64513badec12ec,90,30,30,25,0.8333333333333334,30,0,0.0,927.3472755,1043.62098965,1065.74957752,1706.0576555,1830.0300776499998,1878.63670424,758.085246,862.14420535,892.84816348
PASS,F12_S03,a02,1809636670,F,shielded_dpp,mid,P3,<AUDIT_ROOT>/extracted_sessions/F12_S03/attempt_a02/F_mid/raw/probe/P3/F12_S03_F_mid_a02/event_ledger.jsonl,2dc1fe56d918dd4ebe8d0f26f9a7985e2c424d9236674eb5a6e5030f2b65ea93,90,30,30,30,1.0,30,30,1.0,281.909981,341.5539065499999,364.36020699,358.53265550000003,487.6893311999999,503.81182965,86.585504,151.16786779999998,156.32714535000002
PASS,F12_S03,a02,1809636670,F,shielded_dpp,high,P1,<AUDIT_ROOT>/extracted_sessions/F12_S03/attempt_a02/F_high/raw/probe/P1/F12_S03_F_high_a02/event_ledger.jsonl,7b79c582d0c74952e7ca70cb96f935c86a0ab09546bffda329ec0a3bb9ea9d34,90,90,90,84,0.9333333333333333,90,0,0.0,902.2808715,1001.3894595999999,1028.0173818600001,2964.8615405,3072.11950585,3126.75972061,2057.5475995,2130.41937005,2139.1839597900002
PASS,F12_S03,a02,1809636670,F,shielded_dpp,high,P2,<AUDIT_ROOT>/extracted_sessions/F12_S03/attempt_a02/F_high/raw/probe/P2/F12_S03_F_high_a02/event_ledger.jsonl,294ff1c7c3b2500cfce6b658390e49e1ae04b162b241734da64bd9155e576241,90,90,90,88,0.9777777777777777,90,0,0.0,840.403395,953.7984515999999,1015.1130120099999,1794.6058600000001,1907.3929026,1957.54192519,939.5531585,989.1060952500001,992.63964912
PASS,F12_S03,a02,1809636670,F,shielded_dpp,high,P3,<AUDIT_ROOT>/extracted_sessions/F12_S03/attempt_a02/F_high/raw/probe/P3/F12_S03_F_high_a02/event_ledger.jsonl,947e62e1f6d593c84c2c8ebf642fe26370a239356b9594385869eec06a82b6ae,90,90,90,90,1.0,90,90,1.0,251.015179,359.70223154999996,387.23035746,343.320156,462.94264439999995,487.92003145,77.9160465,142.04438085,146.85290778
PASS,F12_S04,a02,1747354681,A,fixed_local,low,P1,<AUDIT_ROOT>/extracted_sessions/F12_S04/attempt_a02/A_low/raw/probe/P1/F12_S04_A_low_a02/event_ledger.jsonl,8d41e8f2f3c516ee11a16275dc76eceed8e0fa6113dd9544e787e955d85996d6,90,0,0,0,,0,0,,,,,,,,1879.5689495,1975.4130742,1977.9374176800002
PASS,F12_S04,a02,1747354681,A,fixed_local,low,P2,<AUDIT_ROOT>/extracted_sessions/F12_S04/attempt_a02/A_low/raw/probe/P2/F12_S04_A_low_a02/event_ledger.jsonl,d3e50b9884a54453d88cdc15c7147e5acac90dde026810afbd090a6f2735f81e,90,0,0,0,,0,0,,,,,,,,657.9408215000001,744.39479505,746.79391907
PASS,F12_S04,a02,1747354681,A,fixed_local,low,P3,<AUDIT_ROOT>/extracted_sessions/F12_S04/attempt_a02/A_low/raw/probe/P3/F12_S04_A_low_a02/event_ledger.jsonl,f7e3745bcc5fd0df7febcce5b28218997c390b56d13e37b6c532d4bae18188a8,90,0,0,0,,0,0,,,,,,,,91.367501,163.73644879999998,170.35476237
PASS,F12_S04,a02,1747354681,A,fixed_local,mid,P1,<AUDIT_ROOT>/extracted_sessions/F12_S04/attempt_a02/A_mid/raw/probe/P1/F12_S04_A_mid_a02/event_ledger.jsonl,2cae7679229c08b4d67f6e335d81249a9bec2827e5583a696709528f09164c12,90,0,0,0,,0,0,,,,,,,,1944.4966024999999,2017.7721476000002,2022.2880798400001
PASS,F12_S04,a02,1747354681,A,fixed_local,mid,P2,<AUDIT_ROOT>/extracted_sessions/F12_S04/attempt_a02/A_mid/raw/probe/P2/F12_S04_A_mid_a02/event_ledger.jsonl,ec87ed478db71c9176f91947e0992c39d505c30ea05bb76f190204ec8ed28950,90,0,0,0,,0,0,,,,,,,,724.9000625000001,795.4444712999999,798.73814932
PASS,F12_S04,a02,1747354681,A,fixed_local,mid,P3,<AUDIT_ROOT>/extracted_sessions/F12_S04/attempt_a02/A_mid/raw/probe/P3/F12_S04_A_mid_a02/event_ledger.jsonl,06d34134f3face98d972d5663e97c430d2c61321aa80fd2535c9a0ee4b731a33,90,0,0,0,,0,0,,,,,,,,95.269067,169.41083735,176.32375263999998
PASS,F12_S04,a02,1747354681,A,fixed_local,high,P1,<AUDIT_ROOT>/extracted_sessions/F12_S04/attempt_a02/A_high/raw/probe/P1/F12_S04_A_high_a02/event_ledger.jsonl,2424108021ff8c8272047c56171fd86e73e5c41950fcbe02da6303280cb77049,90,0,0,0,,0,0,,,,,,,,1896.5649145,1934.55820075,1938.12062867
PASS,F12_S04,a02,1747354681,A,fixed_local,high,P2,<AUDIT_ROOT>/extracted_sessions/F12_S04/attempt_a02/A_high/raw/probe/P2/F12_S04_A_high_a02/event_ledger.jsonl,e930d3e45ab3a752dc54f6b93360cb909ec22da8f92805f6a5f5d9773b84ffb6,90,0,0,0,,0,0,,,,,,,,743.7898815000001,780.1847768,783.8337960599999
PASS,F12_S04,a02,1747354681,A,fixed_local,high,P3,<AUDIT_ROOT>/extracted_sessions/F12_S04/attempt_a02/A_high/raw/probe/P3/F12_S04_A_high_a02/event_ledger.jsonl,b38b0ecc4a56abecc008713c82fef0a416479e530b16fc7efd50ff142942a38b,90,0,0,0,,0,0,,,,,,,,87.89974649999999,160.35306814999998,165.97460125
PASS,F12_S04,a02,1747354681,B,fixed_summary,low,P1,<AUDIT_ROOT>/extracted_sessions/F12_S04/attempt_a02/B_low/raw/probe/P1/F12_S04_B_low_a02/event_ledger.jsonl,af2943e1f62bb5e07f0911d46cd1eb1c9686c56faa9fee892e07ff5cb2e74493,90,0,0,0,,0,0,,,,,,,,1958.7856835,2049.4188677,2059.20259841
PASS,F12_S04,a02,1747354681,B,fixed_summary,low,P2,<AUDIT_ROOT>/extracted_sessions/F12_S04/attempt_a02/B_low/raw/probe/P2/F12_S04_B_low_a02/event_ledger.jsonl,9a4a99ee52d8c4beb45271491252540bec0a860ec1c1fa135ad3c1ceb6146751,90,0,0,0,,0,0,,,,,,,,718.982112,800.62814385,805.96589102
PASS,F12_S04,a02,1747354681,B,fixed_summary,low,P3,<AUDIT_ROOT>/extracted_sessions/F12_S04/attempt_a02/B_low/raw/probe/P3/F12_S04_B_low_a02/event_ledger.jsonl,b5469704a02b313a08e7f84081956669c6b56f22b52fcb1cdc63d35c1f3d3f20,90,0,0,0,,0,0,,,,,,,,87.5761545,156.16242864999998,162.16350039000002
PASS,F12_S04,a02,1747354681,B,fixed_summary,mid,P1,<AUDIT_ROOT>/extracted_sessions/F12_S04/attempt_a02/B_mid/raw/probe/P1/F12_S04_B_mid_a02/event_ledger.jsonl,fa591a8a583c531feff7de44c066ec71258e85facb0df6e43214d42ad142d018,90,0,0,0,,0,0,,,,,,,,1929.8188129999999,2022.4322599,2027.03946592
PASS,F12_S04,a02,1747354681,B,fixed_summary,mid,P2,<AUDIT_ROOT>/extracted_sessions/F12_S04/attempt_a02/B_mid/raw/probe/P2/F12_S04_B_mid_a02/event_ledger.jsonl,155dd1908d9d0ebfa78c37998a17e6ef1dde22bd263830550bb4bb25ad0fe991,90,0,0,0,,0,0,,,,,,,,706.01734,830.5039239,834.69387251
PASS,F12_S04,a02,1747354681,B,fixed_summary,mid,P3,<AUDIT_ROOT>/extracted_sessions/F12_S04/attempt_a02/B_mid/raw/probe/P3/F12_S04_B_mid_a02/event_ledger.jsonl,a9c0473a5e958bf4b6452fc25785da024e569985c97b8bf38ec18b58a5213883,90,0,0,0,,0,0,,,,,,,,89.0751885,158.29477014999998,164.19102245
PASS,F12_S04,a02,1747354681,B,fixed_summary,high,P1,<AUDIT_ROOT>/extracted_sessions/F12_S04/attempt_a02/B_high/raw/probe/P1/F12_S04_B_high_a02/event_ledger.jsonl,f8b84a77cffc38848b0816032be195fcc59f1e1ae4669c432bb08f78dacce216,90,0,0,0,,0,0,,,,,,,,1973.678614,2015.9340622,2019.15418352
PASS,F12_S04,a02,1747354681,B,fixed_summary,high,P2,<AUDIT_ROOT>/extracted_sessions/F12_S04/attempt_a02/B_high/raw/probe/P2/F12_S04_B_high_a02/event_ledger.jsonl,517b7ac5152d6ef7d623f722e7f130a50ec111c90793344a9364bc5a12d447c3,90,0,0,0,,0,0,,,,,,,,595.888483,629.40123785,630.5384745399999
PASS,F12_S04,a02,1747354681,B,fixed_summary,high,P3,<AUDIT_ROOT>/extracted_sessions/F12_S04/attempt_a02/B_high/raw/probe/P3/F12_S04_B_high_a02/event_ledger.jsonl,f046ab93ac70ae2f84e215fd7adf45d66b57c77e2341075ddd6f758d650016c0,90,0,0,0,,0,0,,,,,,,,88.1991165,155.56934615,161.31032000000002
PASS,F12_S04,a02,1747354681,C,fixed_full,low,P1,<AUDIT_ROOT>/extracted_sessions/F12_S04/attempt_a02/C_low/raw/probe/P1/F12_S04_C_low_a02/event_ledger.jsonl,fd5684e95d533ce29eb5a7d2f2fa716da2965f579222a477b90cf91233f7954b,90,90,90,0,0.0,90,0,0.0,103060.4925385,183221.180134,190361.26243948,105195.751556,185520.9315979,192663.01349757,2135.2590175,2299.7514639,2301.7510580900002
PASS,F12_S04,a02,1747354681,C,fixed_full,low,P2,<AUDIT_ROOT>/extracted_sessions/F12_S04/attempt_a02/C_low/raw/probe/P2/F12_S04_C_low_a02/event_ledger.jsonl,e4d71b8e891e36646cfeddddd343daa4ccdfe7c4ef160cf6da23a5e192da58c4,90,90,90,0,0.0,90,0,0.0,103043.1637125,183164.84087445,190326.63004209998,103886.55867,184198.46124715,191362.84700352998,843.3949574999999,1033.6203727,1036.21696143
PASS,F12_S04,a02,1747354681,C,fixed_full,low,P3,<AUDIT_ROOT>/extracted_sessions/F12_S04/attempt_a02/C_low/raw/probe/P3/F12_S04_C_low_a02/event_ledger.jsonl,1257bcf424d433561048dbebd4c9b2de87e3f44cc7a6d901ca7686114088ae43,90,90,90,0,0.0,90,0,0.0,102281.347722,182558.04898599998,189695.7413214,102359.73427300001,182698.72481785,189842.29811497,78.386551,140.67583185,146.55679357
PASS,F12_S04,a02,1747354681,C,fixed_full,mid,P1,<AUDIT_ROOT>/extracted_sessions/F12_S04/attempt_a02/C_mid/raw/probe/P1/F12_S04_C_mid_a02/event_ledger.jsonl,560e228c396b0f45f8b11444019e35b564d22ef7889b744dd9fad322d2eb65d4,90,90,90,0,0.0,90,0,0.0,26935.803753,46977.97607345,48938.74801499,28926.5094635,49035.16709815,50999.62622608,1990.7057105,2057.2568833,2060.32582991
PASS,F12_S04,a02,1747354681,C,fixed_full,mid,P2,<AUDIT_ROOT>/extracted_sessions/F12_S04/attempt_a02/C_mid/raw/probe/P2/F12_S04_C_mid_a02/event_ledger.jsonl,2915aeb5b5c852a7e9c3abf1204f530e8bf44ddcd749a35404d60b28c1e2979a,90,90,90,0,0.0,90,0,0.0,26866.0973925,46968.406286800004,48909.65812841,27730.78619,47865.637190299996,49810.92295383,864.6887975,897.3185765000001,900.80409658
PASS,F12_S04,a02,1747354681,C,fixed_full,mid,P3,<AUDIT_ROOT>/extracted_sessions/F12_S04/attempt_a02/C_mid/raw/probe/P3/F12_S04_C_mid_a02/event_ledger.jsonl,2c13f6de804a6f460fdbc346b39d0154f141a96af24b22cb3091281fa0670439,90,90,90,0,0.0,90,0,0.0,26258.374339,46270.0307823,48209.70093606,26336.843649,46411.4968723,48357.28641416,78.46931000000001,141.64628399999998,146.8499459
PASS,F12_S04,a02,1747354681,C,fixed_full,high,P1,<AUDIT_ROOT>/extracted_sessions/F12_S04/attempt_a02/C_high/raw/probe/P1/F12_S04_C_high_a02/event_ledger.jsonl,abb15fbc04a4537fa729233a32c60908f0b84e22fcfcbe08475cac21d15a5940,90,90,90,86,0.9555555555555556,90,0,0.0,888.878147,980.9333369,1059.50116166,2873.3798375,2966.2940231499997,3027.58243986,1968.154151,2168.0547171,2172.7546546099998
PASS,F12_S04,a02,1747354681,C,fixed_full,high,P2,<AUDIT_ROOT>/extracted_sessions/F12_S04/attempt_a02/C_high/raw/probe/P2/F12_S04_C_high_a02/event_ledger.jsonl,5d5eab7e05b7909c16e46a2e2e65b8f8b872ab350c3a20f3a69c7d900f69f6db,90,90,90,83,0.9222222222222223,90,0,0.0,897.28071,1004.44528205,1053.7276655699998,1676.6512255,1771.5728621,1883.5409459599998,746.35009,946.2539129,950.49435939
PASS,F12_S04,a02,1747354681,C,fixed_full,high,P3,<AUDIT_ROOT>/extracted_sessions/F12_S04/attempt_a02/C_high/raw/probe/P3/F12_S04_C_high_a02/event_ledger.jsonl,7255050c0571a8cc4d65bf03160865b55d284dd988f2ff30fdae368ee996311a,90,90,90,90,1.0,90,90,1.0,238.884973,357.5927047499999,615.41222058,339.3642995,458.1343042,720.66776102,78.644634,142.18583245,146.79448838
PASS,F12_S04,a02,1747354681,D,independent_dpp,low,P1,<AUDIT_ROOT>/extracted_sessions/F12_S04/attempt_a02/D_low/raw/probe/P1/F12_S04_D_low_a02/event_ledger.jsonl,fedaaa9c8f256b97ffef61b97e46959506689f75e675f88c8ffb05beb9669cee,90,22,22,0,0.0,22,0,0.0,3956.8724065,3983.9065118,4007.37620091,6077.3296145,6146.897087,6165.00890763,2113.3924690000003,2196.5795267999997,2199.20930123
PASS,F12_S04,a02,1747354681,D,independent_dpp,low,P2,<AUDIT_ROOT>/extracted_sessions/F12_S04/attempt_a02/D_low/raw/probe/P2/F12_S04_D_low_a02/event_ledger.jsonl,bee1726078352203807d2828969f72ab404ce53f612170de3b8f95df838d84c8,90,22,22,0,0.0,22,0,0.0,3862.4651405,3940.8831450499997,3959.24836198,4842.3226565,4903.7836311,4930.02465287,1004.2329615,1036.60926895,1038.7751771800001
PASS,F12_S04,a02,1747354681,D,independent_dpp,low,P3,<AUDIT_ROOT>/extracted_sessions/F12_S04/attempt_a02/D_low/raw/probe/P3/F12_S04_D_low_a02/event_ledger.jsonl,15f9483fa131251ca77444158e4490508d831278d1b710751cc56a434780ab74,90,22,22,0,0.0,22,0,0.0,3122.628909,3165.8581615,3172.06080986,3224.8293025000003,3276.84514685,3308.84789373,85.100085,154.4349471,159.82311061
PASS,F12_S04,a02,1747354681,D,independent_dpp,mid,P1,<AUDIT_ROOT>/extracted_sessions/F12_S04/attempt_a02/D_mid/raw/probe/P1/F12_S04_D_mid_a02/event_ledger.jsonl,427f22878084182a37dd9429c1fdd7197867357615e17bad8284a10aaa2c9cc5,90,45,45,0,0.0,45,0,0.0,1911.297258,1983.8362722,2011.8618742,3938.025353,4013.6593460000004,4032.20823644,1990.705696,2228.05693935,2232.61151608
PASS,F12_S04,a02,1747354681,D,independent_dpp,mid,P2,<AUDIT_ROOT>/extracted_sessions/F12_S04/attempt_a02/D_mid/raw/probe/P2/F12_S04_D_mid_a02/event_ledger.jsonl,0ba0f554648da1c15c088ae68cc8f8990342817eb947e049fe301656ea82f0eb,90,45,45,0,0.0,45,0,0.0,1870.404869,1957.3705286,1991.31437404,2710.033026,2774.168287,2804.78118808,837.168421,975.6712118,977.85841147
PASS,F12_S04,a02,1747354681,D,independent_dpp,mid,P3,<AUDIT_ROOT>/extracted_sessions/F12_S04/attempt_a02/D_mid/raw/probe/P3/F12_S04_D_mid_a02/event_ledger.jsonl,837318d07567fbf270c3d106bb86c3998ef00a648e3d109e2a03ca5a474d89b0,90,45,45,0,0.0,45,0,0.0,1145.247023,1229.5393754,1315.8902588400001,1237.33855,1310.1302492,1418.7253919600003,77.872143,143.7465791,149.69232336
PASS,F12_S04,a02,1747354681,D,independent_dpp,high,P1,<AUDIT_ROOT>/extracted_sessions/F12_S04/attempt_a02/D_high/raw/probe/P1/F12_S04_D_high_a02/event_ledger.jsonl,dc593d749973d3fec549d9a2ca9e2b37bf9bbe6b2169865d9255c56e9ee0c73f,90,90,90,85,0.9444444444444444,90,0,0.0,917.2153995000001,1002.24962245,1024.9203820999999,2957.3214465,3028.45170415,3070.4588496,2006.9672435,2091.5112796500002,2094.13313546
PASS,F12_S04,a02,1747354681,D,independent_dpp,high,P2,<AUDIT_ROOT>/extracted_sessions/F12_S04/attempt_a02/D_high/raw/probe/P2/F12_S04_D_high_a02/event_ledger.jsonl,f526a4d4541ec589438f460668af454cc54ce41fb0c8df1b9118be53e4d08647,90,90,90,86,0.9555555555555556,90,0,0.0,875.7992305,994.57946055,1051.51564358,1714.1809805,1811.7061268,1847.00220561,805.9853305,927.9324331500001,929.9250961800001
PASS,F12_S04,a02,1747354681,D,independent_dpp,high,P3,<AUDIT_ROOT>/extracted_sessions/F12_S04/attempt_a02/D_high/raw/probe/P3/F12_S04_D_high_a02/event_ledger.jsonl,e67e4e50fd913078c75b726632217f0b004e1b29e26078e326d9db89e012ea11,90,90,90,90,1.0,90,90,1.0,246.47431949999998,352.46154765,370.58083756999997,340.6856835,443.0033694,473.18110513,80.35835900000001,145.77803,151.77331263
PASS,F12_S04,a02,1747354681,E,central_dpp,low,P1,<AUDIT_ROOT>/extracted_sessions/F12_S04/attempt_a02/E_low/raw/probe/P1/F12_S04_E_low_a02/event_ledger.jsonl,15c6472af6f8ac49cc93cfa6e7a7c26cd86f23d1b22975b9cf28f8e60d8e757a,90,0,0,0,,0,0,,,,,,,,1985.7381099999998,2026.61862525,2029.40949204
PASS,F12_S04,a02,1747354681,E,central_dpp,low,P2,<AUDIT_ROOT>/extracted_sessions/F12_S04/attempt_a02/E_low/raw/probe/P2/F12_S04_E_low_a02/event_ledger.jsonl,b660b18727840f2acc236b2a754586e0729be7a59499669946a253696d2db550,90,0,0,0,,0,0,,,,,,,,668.981349,706.3982592,709.73299194
PASS,F12_S04,a02,1747354681,E,central_dpp,low,P3,<AUDIT_ROOT>/extracted_sessions/F12_S04/attempt_a02/E_low/raw/probe/P3/F12_S04_E_low_a02/event_ledger.jsonl,6a32854c7945af59563419656c2449446521d484ddc6906b806f5cb4f8267060,90,0,0,0,,0,0,,,,,,,,85.7919265,158.1983351,163.88429804999998
PASS,F12_S04,a02,1747354681,E,central_dpp,mid,P1,<AUDIT_ROOT>/extracted_sessions/F12_S04/attempt_a02/E_mid/raw/probe/P1/F12_S04_E_mid_a02/event_ledger.jsonl,40ac13f95e28e40928b2f51a5ae78258a30783e9c2865885bc236e5637b9c27d,90,30,30,20,0.6666666666666666,30,0,0.0,993.195798,1018.6219997,1025.31143642,2892.448228,2964.0266647500002,2977.33832597,1908.894401,1971.7872935,1982.65661122
PASS,F12_S04,a02,1747354681,E,central_dpp,mid,P2,<AUDIT_ROOT>/extracted_sessions/F12_S04/attempt_a02/E_mid/raw/probe/P2/F12_S04_E_mid_a02/event_ledger.jsonl,f68ae66324433f854c65c6ed5f380e523197ac66fbc3abadc6c9511b2e8ab280,90,30,30,23,0.7666666666666667,30,0,0.0,959.927363,1016.8867476500001,1021.69292952,1724.498024,1827.3322626499998,1841.53108957,747.3283355000001,842.2896608,846.06154286
PASS,F12_S04,a02,1747354681,E,central_dpp,mid,P3,<AUDIT_ROOT>/extracted_sessions/F12_S04/attempt_a02/E_mid/raw/probe/P3/F12_S04_E_mid_a02/event_ledger.jsonl,74f69d313032687c59c7c76f4ab7004f1c0261f05085b91c9add24752f12ea32,90,30,30,30,1.0,30,30,1.0,276.65070849999995,322.69705845,342.84356843,357.631829,456.20928239999995,488.5888208,86.88769500000001,156.14717515,162.18351159
PASS,F12_S04,a02,1747354681,E,central_dpp,high,P1,<AUDIT_ROOT>/extracted_sessions/F12_S04/attempt_a02/E_high/raw/probe/P1/F12_S04_E_high_a02/event_ledger.jsonl,07ca7994f20c12ee08523de997f463d96f6ec56ae728836efddfa6feab2c9b06,90,90,90,86,0.9555555555555556,90,0,0.0,885.2160825,993.21390635,1046.3273293299999,3006.1018045,3085.6878060999998,3127.9117906,2089.1329880000003,2217.9299849000004,2220.87489914
PASS,F12_S04,a02,1747354681,E,central_dpp,high,P2,<AUDIT_ROOT>/extracted_sessions/F12_S04/attempt_a02/E_high/raw/probe/P2/F12_S04_E_high_a02/event_ledger.jsonl,46a74e58ba831110c42896ffeda64c8b2b793b331c212d742807e0d736ab04bb,90,90,90,89,0.9888888888888889,90,0,0.0,831.7785695,955.5751908,1001.74391776,1708.2562905,1825.0130050999999,1884.2056561099998,855.7477925000001,922.08780105,923.9363928199999
PASS,F12_S04,a02,1747354681,E,central_dpp,high,P3,<AUDIT_ROOT>/extracted_sessions/F12_S04/attempt_a02/E_high/raw/probe/P3/F12_S04_E_high_a02/event_ledger.jsonl,21d8d7832637b7368ed51250cb04a744b98526eed4f922cc7ae47b5465c05b5c,90,90,90,90,1.0,90,90,1.0,267.33842649999997,359.97895189999997,394.76480326999996,344.1449505,445.64076415,507.2164876,73.9828295,133.78421485,138.95799060000002
PASS,F12_S04,a02,1747354681,F,shielded_dpp,low,P1,<AUDIT_ROOT>/extracted_sessions/F12_S04/attempt_a02/F_low/raw/probe/P1/F12_S04_F_low_a02/event_ledger.jsonl,c23b813eaa712874c7544829496b2e8f1d0284589a2061869785b7477ccafc8e,90,0,0,0,,0,0,,,,,,,,1872.952327,1929.64614985,1934.16493896
PASS,F12_S04,a02,1747354681,F,shielded_dpp,low,P2,<AUDIT_ROOT>/extracted_sessions/F12_S04/attempt_a02/F_low/raw/probe/P2/F12_S04_F_low_a02/event_ledger.jsonl,f4d8efab0db61d3615b6e613362b7e2795b490d3e15598202f4c4d0fa2d53e2a,90,0,0,0,,0,0,,,,,,,,648.146884,713.68839625,716.73725738
PASS,F12_S04,a02,1747354681,F,shielded_dpp,low,P3,<AUDIT_ROOT>/extracted_sessions/F12_S04/attempt_a02/F_low/raw/probe/P3/F12_S04_F_low_a02/event_ledger.jsonl,6e90b0751c36a47cc5480f95994ccc11ed7995c406d647ce764d9e2159e1f990,90,0,0,0,,0,0,,,,,,,,84.9854635,156.29135134999999,162.69757931
PASS,F12_S04,a02,1747354681,F,shielded_dpp,mid,P1,<AUDIT_ROOT>/extracted_sessions/F12_S04/attempt_a02/F_mid/raw/probe/P1/F12_S04_F_mid_a02/event_ledger.jsonl,5f3bfe7239f1e7783e6b99bd8154aa61f962ec9a37daa71aee86bfdbe9e22da9,90,30,30,23,0.7666666666666667,30,0,0.0,934.8556464999999,1023.8462119499999,1076.42719962,2906.8450615,2973.1741699,3018.74383454,1978.4412790000001,2043.9955491,2047.86218704
PASS,F12_S04,a02,1747354681,F,shielded_dpp,mid,P2,<AUDIT_ROOT>/extracted_sessions/F12_S04/attempt_a02/F_mid/raw/probe/P2/F12_S04_F_mid_a02/event_ledger.jsonl,16cf42651761b7123290ce1b3474d3430c306d9bd6cce7f29a01b645f64b9dd7,90,30,30,23,0.7666666666666667,30,0,0.0,962.4039425,1017.3066522500001,1021.48911843,1770.6943875000002,1871.77680635,1880.57284751,795.393624,884.5969339,887.1312217
PASS,F12_S04,a02,1747354681,F,shielded_dpp,mid,P3,<AUDIT_ROOT>/extracted_sessions/F12_S04/attempt_a02/F_mid/raw/probe/P3/F12_S04_F_mid_a02/event_ledger.jsonl,59c1c029d41e2dc4236eb4704ea588279d466837d9e6c5b73dc67e778a2a9733,90,30,30,30,1.0,30,30,1.0,273.9199955,362.9957317499999,398.10975923,354.367201,465.40062379999995,489.58295261,80.97193200000001,144.64875779999997,150.54494708
PASS,F12_S04,a02,1747354681,F,shielded_dpp,high,P1,<AUDIT_ROOT>/extracted_sessions/F12_S04/attempt_a02/F_high/raw/probe/P1/F12_S04_F_high_a02/event_ledger.jsonl,6d5a8e5a4e35bc56cb3506221899df1c119342300807f50a484859b2e7df83e8,90,90,90,88,0.9777777777777777,90,0,0.0,908.872376,953.2803321,1033.61631318,2889.103559,2965.3180343500003,2979.0892616600004,1987.2711225,2025.7054423,2028.9868512
PASS,F12_S04,a02,1747354681,F,shielded_dpp,high,P2,<AUDIT_ROOT>/extracted_sessions/F12_S04/attempt_a02/F_high/raw/probe/P2/F12_S04_F_high_a02/event_ledger.jsonl,42bf99c8c45ad7009a2d27df3a998cf84d301ae8bedd2f4a37ab55d2c7c44545,90,90,90,82,0.9111111111111111,90,0,0.0,911.0166345,1004.39965035,1038.93408677,1654.062167,1730.73715615,1788.38205789,724.4252735,854.0186355,858.4777706799999
PASS,F12_S04,a02,1747354681,F,shielded_dpp,high,P3,<AUDIT_ROOT>/extracted_sessions/F12_S04/attempt_a02/F_high/raw/probe/P3/F12_S04_F_high_a02/event_ledger.jsonl,f95f6dad9d86b38b4d47a78399bd0e962d776e2fbd10601be0a5a50a30518cfe,90,90,90,90,1.0,90,90,1.0,234.2714675,322.3471681,335.90942320999994,327.7184065,430.1927388,475.19248768999995,78.434422,144.39373385,150.50185061
PASS,F12_S05,a01,3669907594,A,fixed_local,low,P1,<AUDIT_ROOT>/extracted_sessions/F12_S05/attempt_a01/A_low/raw/probe/P1/F12_S05_A_low_a01/event_ledger.jsonl,ed4f02b463a4885096ea414fccf280432533f751140f70d455ede1c567c6c468,90,0,0,0,,0,0,,,,,,,,2011.7700614999999,2048.3366714500003,2050.5059949899996
PASS,F12_S05,a01,3669907594,A,fixed_local,low,P2,<AUDIT_ROOT>/extracted_sessions/F12_S05/attempt_a01/A_low/raw/probe/P2/F12_S05_A_low_a01/event_ledger.jsonl,c2d91a0cf19c48f65d310042b15f80b5494322cc016c62c4af5d0dd7f785c60b,90,0,0,0,,0,0,,,,,,,,734.968259,769.6842293000001,771.74854075
PASS,F12_S05,a01,3669907594,A,fixed_local,low,P3,<AUDIT_ROOT>/extracted_sessions/F12_S05/attempt_a01/A_low/raw/probe/P3/F12_S05_A_low_a01/event_ledger.jsonl,6401a5b708c8cd0936630b4add11721a814e69234a884f39297f32a01ccbf21f,90,0,0,0,,0,0,,,,,,,,88.005952,158.2535615,164.48290899
PASS,F12_S05,a01,3669907594,A,fixed_local,mid,P1,<AUDIT_ROOT>/extracted_sessions/F12_S05/attempt_a01/A_mid/raw/probe/P1/F12_S05_A_mid_a01/event_ledger.jsonl,a0366a1a5d5805948cc83ac47085af89a2aeb1ad3f670506a6e85e190bdfe82c,90,0,0,0,,0,0,,,,,,,,1826.0509135000002,1896.18365555,1901.36917743
PASS,F12_S05,a01,3669907594,A,fixed_local,mid,P2,<AUDIT_ROOT>/extracted_sessions/F12_S05/attempt_a01/A_mid/raw/probe/P2/F12_S05_A_mid_a01/event_ledger.jsonl,235b22f78030a8d21c921b2db6d69ab92801798dc70451d89471aa67d249fdde,90,0,0,0,,0,0,,,,,,,,665.2013935,704.7290281,706.82293009
PASS,F12_S05,a01,3669907594,A,fixed_local,mid,P3,<AUDIT_ROOT>/extracted_sessions/F12_S05/attempt_a01/A_mid/raw/probe/P3/F12_S05_A_mid_a01/event_ledger.jsonl,98e5cd568436e3235a401caf0cc1926138ed62149c8057e05aa24e8d63cc3b89,90,0,0,0,,0,0,,,,,,,,86.5910915,158.2388827,164.32745271
PASS,F12_S05,a01,3669907594,A,fixed_local,high,P1,<AUDIT_ROOT>/extracted_sessions/F12_S05/attempt_a01/A_high/raw/probe/P1/F12_S05_A_high_a01/event_ledger.jsonl,72a632378f5bc25b7a176ff6989a7173821f928ce477eaa499c39d766a818c51,90,0,0,0,,0,0,,,,,,,,1917.4324695,1963.6589147500001,1966.3812617600001
PASS,F12_S05,a01,3669907594,A,fixed_local,high,P2,<AUDIT_ROOT>/extracted_sessions/F12_S05/attempt_a01/A_high/raw/probe/P2/F12_S05_A_high_a01/event_ledger.jsonl,473bbee3f0f20e30354bf78844376724d8979aa2ffa549add4f31e1b3fc52125,90,0,0,0,,0,0,,,,,,,,763.826509,800.1906205,802.8461492399999
PASS,F12_S05,a01,3669907594,A,fixed_local,high,P3,<AUDIT_ROOT>/extracted_sessions/F12_S05/attempt_a01/A_high/raw/probe/P3/F12_S05_A_high_a01/event_ledger.jsonl,76f34919e0ad2db4010bd6ff98bf0be4ff38c639ce76f91f938408f25699c540,90,0,0,0,,0,0,,,,,,,,90.42883499999999,169.0864718,175.54470012000002
PASS,F12_S05,a01,3669907594,B,fixed_summary,low,P1,<AUDIT_ROOT>/extracted_sessions/F12_S05/attempt_a01/B_low/raw/probe/P1/F12_S05_B_low_a01/event_ledger.jsonl,37e94b8d03d65864b79eede904e62f6e3a70e6ed6895fe1346e7910017d809f8,90,0,0,0,,0,0,,,,,,,,1836.47591,1895.59082395,1899.28401278
PASS,F12_S05,a01,3669907594,B,fixed_summary,low,P2,<AUDIT_ROOT>/extracted_sessions/F12_S05/attempt_a01/B_low/raw/probe/P2/F12_S05_B_low_a01/event_ledger.jsonl,05f63fdde0d47fda76ec9d241bf5b610629fe95f87495a89cd1ab635185d8493,90,0,0,0,,0,0,,,,,,,,624.0290315,695.3736016500001,698.3275529299999
PASS,F12_S05,a01,3669907594,B,fixed_summary,low,P3,<AUDIT_ROOT>/extracted_sessions/F12_S05/attempt_a01/B_low/raw/probe/P3/F12_S05_B_low_a01/event_ledger.jsonl,d8af0d25aea83f5caadc3bf606046fde71f2ac40c4701f869a24fb398b58dc5a,90,0,0,0,,0,0,,,,,,,,88.893348,160.61439525,166.54347502
PASS,F12_S05,a01,3669907594,B,fixed_summary,mid,P1,<AUDIT_ROOT>/extracted_sessions/F12_S05/attempt_a01/B_mid/raw/probe/P1/F12_S05_B_mid_a01/event_ledger.jsonl,e643293e9b33535c5a1b254e2dc5475b6695a1daed0443eec9f383215cd683b4,90,0,0,0,,0,0,,,,,,,,1787.290513,1904.6413861,1908.16719023
PASS,F12_S05,a01,3669907594,B,fixed_summary,mid,P2,<AUDIT_ROOT>/extracted_sessions/F12_S05/attempt_a01/B_mid/raw/probe/P2/F12_S05_B_mid_a01/event_ledger.jsonl,6dec14bde41ff4d34fcc0f3776e0d3e8bff511d4ed483dd9c88fccb2c29d5837,90,0,0,0,,0,0,,,,,,,,749.4087810000001,864.31228085,868.81464683
PASS,F12_S05,a01,3669907594,B,fixed_summary,mid,P3,<AUDIT_ROOT>/extracted_sessions/F12_S05/attempt_a01/B_mid/raw/probe/P3/F12_S05_B_mid_a01/event_ledger.jsonl,fa50b8476e4d36509591a5866a242095c13fc8c39a793181cafcb1c92c2f11c6,90,0,0,0,,0,0,,,,,,,,90.98074249999999,163.59103539999998,170.11227478
PASS,F12_S05,a01,3669907594,B,fixed_summary,high,P1,<AUDIT_ROOT>/extracted_sessions/F12_S05/attempt_a01/B_high/raw/probe/P1/F12_S05_B_high_a01/event_ledger.jsonl,fce40e5d96150c1524b885ffd1a6bae6f882945e368c08b6d228bddc60b8fcd7,90,0,0,0,,0,0,,,,,,,,1869.2709575,1931.56565015,1934.95676024
PASS,F12_S05,a01,3669907594,B,fixed_summary,high,P2,<AUDIT_ROOT>/extracted_sessions/F12_S05/attempt_a01/B_high/raw/probe/P2/F12_S05_B_high_a01/event_ledger.jsonl,d5cb2c08543fca366537e0a4ab6b9e8fddd287fb9a48ca078df925b8983d7e21,90,0,0,0,,0,0,,,,,,,,712.606423,774.36671435,779.44181378
PASS,F12_S05,a01,3669907594,B,fixed_summary,high,P3,<AUDIT_ROOT>/extracted_sessions/F12_S05/attempt_a01/B_high/raw/probe/P3/F12_S05_B_high_a01/event_ledger.jsonl,2d3a6cf07992c879fd4239c5fd1c6a9d24744e72102b842618a391b3b6082667,90,0,0,0,,0,0,,,,,,,,86.0233835,152.73571435,159.89729988000002
PASS,F12_S05,a01,3669907594,C,fixed_full,low,P1,<AUDIT_ROOT>/extracted_sessions/F12_S05/attempt_a01/C_low/raw/probe/P1/F12_S05_C_low_a01/event_ledger.jsonl,2e7b58bde543f5f728ee504f33bfcd7d636d89138f5e626cad38a7c440e863c8,90,90,90,0,0.0,90,0,0.0,103042.353005,183325.71759855,190454.68237766,105060.02983350001,185374.9525959,192506.36076809998,2017.6768285,2049.23499735,2051.67839044
PASS,F12_S05,a01,3669907594,C,fixed_full,low,P2,<AUDIT_ROOT>/extracted_sessions/F12_S05/attempt_a01/C_low/raw/probe/P2/F12_S05_C_low_a01/event_ledger.jsonl,d6ed2c44ab5bae27189f6950c5f088af89b158b836c5d054f1b8bff75fc1ee37,90,90,90,0,0.0,90,0,0.0,103061.86046,183320.4699928,190451.86699446,103841.02425399999,184160.8796934,191295.89133757,779.163794,840.4097006,844.02434311
PASS,F12_S05,a01,3669907594,C,fixed_full,low,P3,<AUDIT_ROOT>/extracted_sessions/F12_S05/attempt_a01/C_low/raw/probe/P3/F12_S05_C_low_a01/event_ledger.jsonl,9024c30521f193027a29742e8e6b19a8e36da389bb9a1fabf7c7300431b529af,90,90,90,0,0.0,90,0,0.0,102275.512139,182531.63652245,189663.56838985,102352.09444,182672.34393129998,189809.80659484,76.582301,140.70740885,146.23820499
PASS,F12_S05,a01,3669907594,C,fixed_full,mid,P1,<AUDIT_ROOT>/extracted_sessions/F12_S05/attempt_a01/C_mid/raw/probe/P1/F12_S05_C_mid_a01/event_ledger.jsonl,7a2b3f27f0b7dfdc81aace4f0805a239b08de9fdae9429c7dd935454cd74d2dd,90,90,90,0,0.0,90,0,0.0,27020.455038,46994.0525472,48953.60558303,28941.099351,48995.09789795,51003.09479215,1920.644313,2001.04535075,2049.4255548799997
PASS,F12_S05,a01,3669907594,C,fixed_full,mid,P2,<AUDIT_ROOT>/extracted_sessions/F12_S05/attempt_a01/C_mid/raw/probe/P2/F12_S05_C_mid_a01/event_ledger.jsonl,187b56356ff9be52b4ed7892926c85982bfe5587a6f6c5388c1aceef9dd85922,90,90,90,0,0.0,90,0,0.0,26951.5119595,46988.8106473,48937.55675743,27697.5478595,47786.32213785,49781.3957654,746.0359000000001,797.54283645,843.27742903
PASS,F12_S05,a01,3669907594,C,fixed_full,mid,P3,<AUDIT_ROOT>/extracted_sessions/F12_S05/attempt_a01/C_mid/raw/probe/P3/F12_S05_C_mid_a01/event_ledger.jsonl,fb392965407446d13aa4f6b0f696c19691d5eb3dc68c981af57cfc937ffbc6e5,90,90,90,0,0.0,90,0,0.0,26280.2350995,46210.0215866,48197.93183592,26358.673065000003,46354.59936455,48350.56222328,78.4379655,144.57777795,150.97598864
PASS,F12_S05,a01,3669907594,C,fixed_full,high,P1,<AUDIT_ROOT>/extracted_sessions/F12_S05/attempt_a01/C_high/raw/probe/P1/F12_S05_C_high_a01/event_ledger.jsonl,12df93b77ce8aa3fb9cc9a7648ec9ad89229ada47f344ffa339ce1c76061f27d,90,90,90,82,0.9111111111111111,90,0,0.0,982.1694749999999,1003.97379915,1015.50959328,2847.331242,2911.89385105,2923.76047836,1861.7083739999998,1922.88529015,1926.87274685
PASS,F12_S05,a01,3669907594,C,fixed_full,high,P2,<AUDIT_ROOT>/extracted_sessions/F12_S05/attempt_a01/C_high/raw/probe/P2/F12_S05_C_high_a01/event_ledger.jsonl,3b4a819789bacdfb36777949659dfbec4ef9d339b14b9ac658646864f1ba634c,90,90,90,83,0.9222222222222223,90,0,0.0,908.5216310000001,1010.8829565999999,1022.1654339800001,1678.9787959999999,1791.4332562999998,1811.3585664,777.3743625,829.5300361000001,831.49471265
PASS,F12_S05,a01,3669907594,C,fixed_full,high,P3,<AUDIT_ROOT>/extracted_sessions/F12_S05/attempt_a01/C_high/raw/probe/P3/F12_S05_C_high_a01/event_ledger.jsonl,c26d6deacbb16437dc4922135b541929ea115b99c8645c6551f601218c547fc7,90,90,90,90,1.0,90,90,1.0,235.442113,291.06263909999996,320.0868777,329.4329705,411.23003850000003,427.28660781,81.054052,140.93900785,146.75236284
PASS,F12_S05,a01,3669907594,D,independent_dpp,low,P1,<AUDIT_ROOT>/extracted_sessions/F12_S05/attempt_a01/D_low/raw/probe/P1/F12_S05_D_low_a01/event_ledger.jsonl,b1d6d62e30704eface19a87f56c8faa5552b74699ed9fa9c948f3d08562d9923,90,22,22,0,0.0,22,0,0.0,3946.2161175,3969.3844965499998,3987.61296622,5871.794145,5919.82359145,5929.50233383,1901.30777,1976.4060614,1981.71975219
PASS,F12_S05,a01,3669907594,D,independent_dpp,low,P2,<AUDIT_ROOT>/extracted_sessions/F12_S05/attempt_a01/D_low/raw/probe/P2/F12_S05_D_low_a01/event_ledger.jsonl,ba89e726ba637e294eca4b0f622a909da97748fd4083df58a9480497470c33ac,90,22,22,0,0.0,22,0,0.0,3895.6817659999997,3925.5883365000004,3932.97079068,4556.2195425,4608.49753905,4615.48380321,654.136939,712.2438816,715.75348245
PASS,F12_S05,a01,3669907594,D,independent_dpp,low,P3,<AUDIT_ROOT>/extracted_sessions/F12_S05/attempt_a01/D_low/raw/probe/P3/F12_S05_D_low_a01/event_ledger.jsonl,29a678d1e9b53f38f60589ea694c84c832e5fb665277e626e3793029edd94beb,90,22,22,0,0.0,22,0,0.0,3120.439399,3146.10528105,3170.68914334,3205.1630135,3263.53023695,3270.87204272,81.8338635,145.10635365,151.43429999
PASS,F12_S05,a01,3669907594,D,independent_dpp,mid,P1,<AUDIT_ROOT>/extracted_sessions/F12_S05/attempt_a01/D_mid/raw/probe/P1/F12_S05_D_mid_a01/event_ledger.jsonl,dd4827c6cf0e78daa41458deff319c7a2a1d1b6414530a3d570b6312f2081e5b,90,45,45,0,0.0,45,0,0.0,1952.403253,1973.2738458,1978.40774748,3813.606343,3867.7006148,3870.8219564,1841.482646,1921.52485805,1925.4465298100001
PASS,F12_S05,a01,3669907594,D,independent_dpp,mid,P2,<AUDIT_ROOT>/extracted_sessions/F12_S05/attempt_a01/D_mid/raw/probe/P2/F12_S05_D_mid_a01/event_ledger.jsonl,d382f37e7f2fc02ce808bd369b5e1370bcf1c7a77da453f34ec0ee1e5b000713,90,45,45,0,0.0,45,0,0.0,1912.286712,1929.4493796,1936.75756412,2587.911533,2644.3190334,2652.25619944,675.701996,737.01064675,747.69682891
PASS,F12_S05,a01,3669907594,D,independent_dpp,mid,P3,<AUDIT_ROOT>/extracted_sessions/F12_S05/attempt_a01/D_mid/raw/probe/P3/F12_S05_D_mid_a01/event_ledger.jsonl,60e77eb628e912ca57d09a8910f09d0603d9fc216fc056691d2dace4895f554f,90,45,45,0,0.0,45,0,0.0,1135.766311,1148.4266676,1149.60702332,1212.404262,1269.7869008,1277.63783732,74.9095685,137.49018230000001,142.52494296
PASS,F12_S05,a01,3669907594,D,independent_dpp,high,P1,<AUDIT_ROOT>/extracted_sessions/F12_S05/attempt_a01/D_high/raw/probe/P1/F12_S05_D_high_a01/event_ledger.jsonl,5b37958cce3c2623fd4b8b51c0bc6de5e2342bdc91bfa4ca096b89fcbebb11b4,90,90,90,88,0.9777777777777777,90,0,0.0,871.9187325,954.60236355,1076.4809769899998,2881.7694585,2947.7015017500003,3003.65351167,1962.0423445,2083.3556832500003,2087.88809193
PASS,F12_S05,a01,3669907594,D,independent_dpp,high,P2,<AUDIT_ROOT>/extracted_sessions/F12_S05/attempt_a01/D_high/raw/probe/P2/F12_S05_D_high_a01/event_ledger.jsonl,97d4449768beba9587a3e9af03229f02cc25c7a92d01eb7aae0ed9be9448a184,90,90,90,88,0.9777777777777777,90,0,0.0,867.520254,968.4927279,1035.4712427900001,1746.1350515,1833.96738155,1858.2043528200002,886.5639819999999,920.41065645,923.18330558
PASS,F12_S05,a01,3669907594,D,independent_dpp,high,P3,<AUDIT_ROOT>/extracted_sessions/F12_S05/attempt_a01/D_high/raw/probe/P3/F12_S05_D_high_a01/event_ledger.jsonl,8304354863fe26a40a06ff8bec85d6f120f1395c763ad8220051956dc08dbf86,90,90,90,90,1.0,90,90,1.0,239.6622135,334.25181034999997,460.6127451299999,330.1190325,423.71828395,525.6170287499999,76.843748,139.61758645,145.45295495
PASS,F12_S05,a01,3669907594,E,central_dpp,low,P1,<AUDIT_ROOT>/extracted_sessions/F12_S05/attempt_a01/E_low/raw/probe/P1/F12_S05_E_low_a01/event_ledger.jsonl,12b4988379cca9963a42a76a9418d9d5d16142e51ad2601ca6f0e7f433ef3845,90,0,0,0,,0,0,,,,,,,,1957.659938,1999.07560105,2001.9590948
PASS,F12_S05,a01,3669907594,E,central_dpp,low,P2,<AUDIT_ROOT>/extracted_sessions/F12_S05/attempt_a01/E_low/raw/probe/P2/F12_S05_E_low_a01/event_ledger.jsonl,3d2a26af331765100b9083e028a1c118763361a7a637cc5e0ac11d77dca1d7d3,90,0,0,0,,0,0,,,,,,,,769.8207924999999,811.22864615,814.68691401
PASS,F12_S05,a01,3669907594,E,central_dpp,low,P3,<AUDIT_ROOT>/extracted_sessions/F12_S05/attempt_a01/E_low/raw/probe/P3/F12_S05_E_low_a01/event_ledger.jsonl,ec5d55067fb4d4d3ebb0cac99f0c7c7179b7102f0ec6212ab1ca4dad6477e94a,90,0,0,0,,0,0,,,,,,,,85.2932925,153.630807,160.14818163
PASS,F12_S05,a01,3669907594,E,central_dpp,mid,P1,<AUDIT_ROOT>/extracted_sessions/F12_S05/attempt_a01/E_mid/raw/probe/P1/F12_S05_E_mid_a01/event_ledger.jsonl,078d426688142620b6b89173f7a6366f6e43bc3b3dd256dd7ea9e63e6472f895,90,30,30,30,1.0,30,0,0.0,948.431744,984.94793215,992.8976695499999,2857.0591475,2925.7279557,2931.2884573700003,1912.741479,1940.10300955,1942.00989153
PASS,F12_S05,a01,3669907594,E,central_dpp,mid,P2,<AUDIT_ROOT>/extracted_sessions/F12_S05/attempt_a01/E_mid/raw/probe/P2/F12_S05_E_mid_a01/event_ledger.jsonl,dc2270b3f34dcc636212b244bb274aa5c1fbeaccae64ffb991e9145f4b1087fb,90,30,30,24,0.8,30,0,0.0,950.89966,1021.6089001,1044.19603145,1715.7250835,1821.06978695,1828.69806696,793.219447,835.1679254,837.35346258
PASS,F12_S05,a01,3669907594,E,central_dpp,mid,P3,<AUDIT_ROOT>/extracted_sessions/F12_S05/attempt_a01/E_mid/raw/probe/P3/F12_S05_E_mid_a01/event_ledger.jsonl,dbc13bb4168155d413c88bff51ba6abd85aa7d4e6c4780211b22a17100c0e7b8,90,30,30,30,1.0,30,30,1.0,281.5657445,331.33562234999994,497.3313844200002,358.3693435,468.3877445999999,593.2225548300001,82.4841995,150.14011019999998,155.45729935999998
PASS,F12_S05,a01,3669907594,E,central_dpp,high,P1,<AUDIT_ROOT>/extracted_sessions/F12_S05/attempt_a01/E_high/raw/probe/P1/F12_S05_E_high_a01/event_ledger.jsonl,9fa9e657cb989b9c825242882c818e220e2958ae52b7fbd7269bf7c7d5ba33c2,90,90,90,82,0.9111111111111111,90,0,0.0,909.0183935,1005.6919994,1031.0536763399998,2848.7966855,2963.4983989499997,2992.3248242100003,1946.1775045,1994.51890045,1999.51658365
PASS,F12_S05,a01,3669907594,E,central_dpp,high,P2,<AUDIT_ROOT>/extracted_sessions/F12_S05/attempt_a01/E_high/raw/probe/P2/F12_S05_E_high_a01/event_ledger.jsonl,8828772788db377741f0024f02bd4bedea2ab3a390f05b77b0274f2dcb4c04bd,90,90,90,88,0.9777777777777777,90,0,0.0,858.184473,968.7122964499999,1031.59236071,1665.056018,1796.3417471999999,1835.16914125,792.067491,861.6815577,865.52156496
PASS,F12_S05,a01,3669907594,E,central_dpp,high,P3,<AUDIT_ROOT>/extracted_sessions/F12_S05/attempt_a01/E_high/raw/probe/P3/F12_S05_E_high_a01/event_ledger.jsonl,8f03978a6aa339770361aa14ffb584a33845f8b49edc53a799089c8900f4b244,90,90,90,90,1.0,90,90,1.0,272.3573075,367.4476768,389.34907982,344.9771065,480.8271203,511.33229979,77.4307705,141.7508705,146.65021864
PASS,F12_S05,a01,3669907594,F,shielded_dpp,low,P1,<AUDIT_ROOT>/extracted_sessions/F12_S05/attempt_a01/F_low/raw/probe/P1/F12_S05_F_low_a01/event_ledger.jsonl,73bc6f70adde9e9726dbc59313ee9cbc7d308b06db60337ff0f9eed6ad815f86,90,0,0,0,,0,0,,,,,,,,1892.96858,1978.5742318,1982.3280421900001
PASS,F12_S05,a01,3669907594,F,shielded_dpp,low,P2,<AUDIT_ROOT>/extracted_sessions/F12_S05/attempt_a01/F_low/raw/probe/P2/F12_S05_F_low_a01/event_ledger.jsonl,f76dd676d69a3847c5397c5b48d08f9a837107a8a73c5186033ae4ce35d145ed,90,0,0,0,,0,0,,,,,,,,673.0216815,754.2064898,757.73562011
PASS,F12_S05,a01,3669907594,F,shielded_dpp,low,P3,<AUDIT_ROOT>/extracted_sessions/F12_S05/attempt_a01/F_low/raw/probe/P3/F12_S05_F_low_a01/event_ledger.jsonl,d423e21a4fc400d27bc35166e6034ab6cc88444a54e96a88c4a45fc8c6bdbfac,90,0,0,0,,0,0,,,,,,,,84.915503,152.89060679999997,159.76742631000002
PASS,F12_S05,a01,3669907594,F,shielded_dpp,mid,P1,<AUDIT_ROOT>/extracted_sessions/F12_S05/attempt_a01/F_mid/raw/probe/P1/F12_S05_F_mid_a01/event_ledger.jsonl,cd30a1067b54cf7f8cdf3e936f0ae1f674e06c655ad652fe4fd2fb28aa0ad4b9,90,30,30,17,0.5666666666666667,30,0,0.0,998.4191945,1010.0084413,1014.86194981,2904.0997435,2967.94869155,2972.04912442,1903.794718,1973.6163706,1976.14001597
PASS,F12_S05,a01,3669907594,F,shielded_dpp,mid,P2,<AUDIT_ROOT>/extracted_sessions/F12_S05/attempt_a01/F_mid/raw/probe/P2/F12_S05_F_mid_a01/event_ledger.jsonl,aaa835fb3cd57b97ea6b999070c1dde8974ffd9f56787e7060a0509159ae2738,90,30,30,25,0.8333333333333334,30,0,0.0,945.5352685,1015.1815168,1024.51521511,1772.2521434999999,1868.4312656,1882.14836674,822.2300035,890.132702,892.4937126
PASS,F12_S05,a01,3669907594,F,shielded_dpp,mid,P3,<AUDIT_ROOT>/extracted_sessions/F12_S05/attempt_a01/F_mid/raw/probe/P3/F12_S05_F_mid_a01/event_ledger.jsonl,7dc3db4fd8d25e829cee8e00fa72be909b81bff2dc2f51583a9214ee2c26cf6c,90,30,30,30,1.0,30,30,1.0,268.425231,307.50059705,319.98388559,339.63862,418.12942769999995,447.58595615,81.1223735,146.8038305,152.349738
PASS,F12_S05,a01,3669907594,F,shielded_dpp,high,P1,<AUDIT_ROOT>/extracted_sessions/F12_S05/attempt_a01/F_high/raw/probe/P1/F12_S05_F_high_a01/event_ledger.jsonl,abcdd0b97279f6dc7cca1a923851643459a5dcd727bfa0f10344f3649a819989,90,90,90,83,0.9222222222222223,90,0,0.0,912.188566,1006.6077123,1024.10830688,2846.0951125,2941.8632061499998,2971.5005320699997,1913.9635735,1990.0376394,1992.6365214100001
PASS,F12_S05,a01,3669907594,F,shielded_dpp,high,P2,<AUDIT_ROOT>/extracted_sessions/F12_S05/attempt_a01/F_high/raw/probe/P2/F12_S05_F_high_a01/event_ledger.jsonl,8f05ec34030ab763b8c11696b5b15550c16beb687e90d6d863f08e731825faca,90,90,90,87,0.9666666666666667,90,0,0.0,856.1243235,983.8911021499999,1070.40032071,1572.1233215000002,1689.02070225,1716.1894742799998,701.744899,774.15880485,778.4634178499999
PASS,F12_S05,a01,3669907594,F,shielded_dpp,high,P3,<AUDIT_ROOT>/extracted_sessions/F12_S05/attempt_a01/F_high/raw/probe/P3/F12_S05_F_high_a01/event_ledger.jsonl,3780af4d5fb9452a94fe5c1643dc1439ed89352264d311cee72e2ac13f276c47,90,90,90,90,1.0,90,90,1.0,258.76509250000004,360.62499744999997,435.8035916199998,344.241255,455.8866586,523.0349251599998,80.04738900000001,140.835139,147.06875307
PASS,F12_S06,a01,864869646,A,fixed_local,low,P1,<AUDIT_ROOT>/extracted_sessions/F12_S06/attempt_a01/A_low/raw/probe/P1/F12_S06_A_low_a01/event_ledger.jsonl,8156aeb98ac4a73094e81a23b63dac4f921871fc7c918fd91b5bc5da927b2186,90,0,0,0,,0,0,,,,,,,,1932.471966,2004.12662125,2017.4675440600001
PASS,F12_S06,a01,864869646,A,fixed_local,low,P2,<AUDIT_ROOT>/extracted_sessions/F12_S06/attempt_a01/A_low/raw/probe/P2/F12_S06_A_low_a01/event_ledger.jsonl,5223c7ca35b3f58f3bc2f7e67fa9d54d3498598ce0c2b115e830b4f97446a125,90,0,0,0,,0,0,,,,,,,,752.7928469999999,824.8170185,837.29248269
PASS,F12_S06,a01,864869646,A,fixed_local,low,P3,<AUDIT_ROOT>/extracted_sessions/F12_S06/attempt_a01/A_low/raw/probe/P3/F12_S06_A_low_a01/event_ledger.jsonl,c7fec397cd9598257f843d1866f08f435a243845cb4c8a6394d658bfecf7ad53,90,0,0,0,,0,0,,,,,,,,89.9815455,164.55856845,171.92265665000002
PASS,F12_S06,a01,864869646,A,fixed_local,mid,P1,<AUDIT_ROOT>/extracted_sessions/F12_S06/attempt_a01/A_mid/raw/probe/P1/F12_S06_A_mid_a01/event_ledger.jsonl,88fdbf31f4a4af4903b2133faac8a28fdc6f7769d9044d62e1ab694e6dabecdf,90,0,0,0,,0,0,,,,,,,,1937.246687,2042.35774625,2059.80819921
PASS,F12_S06,a01,864869646,A,fixed_local,mid,P2,<AUDIT_ROOT>/extracted_sessions/F12_S06/attempt_a01/A_mid/raw/probe/P2/F12_S06_A_mid_a01/event_ledger.jsonl,aceba4b6eb2e2b8f37a08f8471de9b8d8e362628395ee4d7f8b0663a3c4462fa,90,0,0,0,,0,0,,,,,,,,673.5632335,769.7538267,782.48329341
PASS,F12_S06,a01,864869646,A,fixed_local,mid,P3,<AUDIT_ROOT>/extracted_sessions/F12_S06/attempt_a01/A_mid/raw/probe/P3/F12_S06_A_mid_a01/event_ledger.jsonl,136ece792aea3090c23d366702587b7413df77457c0a82d08512553887ba5f0d,90,0,0,0,,0,0,,,,,,,,90.1656995,159.53105159999998,166.92254468000002
PASS,F12_S06,a01,864869646,A,fixed_local,high,P1,<AUDIT_ROOT>/extracted_sessions/F12_S06/attempt_a01/A_high/raw/probe/P1/F12_S06_A_high_a01/event_ledger.jsonl,115955d9fa12484b006086079f2d2a11084f8bd420400e1d3193462dd3c197fb,90,0,0,0,,0,0,,,,,,,,1909.347702,1956.43877885,1959.1710694
PASS,F12_S06,a01,864869646,A,fixed_local,high,P2,<AUDIT_ROOT>/extracted_sessions/F12_S06/attempt_a01/A_high/raw/probe/P2/F12_S06_A_high_a01/event_ledger.jsonl,1f078c53ac3968cf8dbea1df1038f2a7d2396e66ea437ebb0000bd7b437f13cd,90,0,0,0,,0,0,,,,,,,,785.0367085,826.4074311,829.8403865700001
PASS,F12_S06,a01,864869646,A,fixed_local,high,P3,<AUDIT_ROOT>/extracted_sessions/F12_S06/attempt_a01/A_high/raw/probe/P3/F12_S06_A_high_a01/event_ledger.jsonl,ffb1ee77f529bb47a3bc1092a67ac98a26876a4b95143d84347928d45ad48052,90,0,0,0,,0,0,,,,,,,,90.51899900000001,162.62850815,169.07644916
PASS,F12_S06,a01,864869646,B,fixed_summary,low,P1,<AUDIT_ROOT>/extracted_sessions/F12_S06/attempt_a01/B_low/raw/probe/P1/F12_S06_B_low_a01/event_ledger.jsonl,fca709ad4abcac309e6ff7b5e0fb14d0304c403891a511df57117ef304c3b061,90,0,0,0,,0,0,,,,,,,,1784.9559865,1821.58305505,1825.80381428
PASS,F12_S06,a01,864869646,B,fixed_summary,low,P2,<AUDIT_ROOT>/extracted_sessions/F12_S06/attempt_a01/B_low/raw/probe/P2/F12_S06_B_low_a01/event_ledger.jsonl,b728c8993394d6ef490e6b573f079dd6ed5fecdac39818a652d8e7c9f5a77a98,90,0,0,0,,0,0,,,,,,,,614.764088,652.06130525,654.9326717
PASS,F12_S06,a01,864869646,B,fixed_summary,low,P3,<AUDIT_ROOT>/extracted_sessions/F12_S06/attempt_a01/B_low/raw/probe/P3/F12_S06_B_low_a01/event_ledger.jsonl,9a9cbc8c9c749d962cf5b62f2d29f976b9b95e0c465700aa08690762501b22d9,90,0,0,0,,0,0,,,,,,,,88.8484405,157.6431954,164.11802620999998
PASS,F12_S06,a01,864869646,B,fixed_summary,mid,P1,<AUDIT_ROOT>/extracted_sessions/F12_S06/attempt_a01/B_mid/raw/probe/P1/F12_S06_B_mid_a01/event_ledger.jsonl,9e1f861ad1cccca7f302401dd55a0811803d47b78a8b2583bbc06d83a2fe6a74,90,0,0,0,,0,0,,,,,,,,1889.4327645,1925.5668359499998,1929.1291802500002
PASS,F12_S06,a01,864869646,B,fixed_summary,mid,P2,<AUDIT_ROOT>/extracted_sessions/F12_S06/attempt_a01/B_mid/raw/probe/P2/F12_S06_B_mid_a01/event_ledger.jsonl,950b2f747ac5d5aafa34f06831783b1ce45e4465386655e03e81ad884f46f38b,90,0,0,0,,0,0,,,,,,,,741.48152,779.21526015,781.66223313
PASS,F12_S06,a01,864869646,B,fixed_summary,mid,P3,<AUDIT_ROOT>/extracted_sessions/F12_S06/attempt_a01/B_mid/raw/probe/P3/F12_S06_B_mid_a01/event_ledger.jsonl,e22ccbf3daf29baad147c9c83a8204423454748e2ada99ac9e9154b9dfd04527,90,0,0,0,,0,0,,,,,,,,85.47625149999999,156.63611835,163.56370286
PASS,F12_S06,a01,864869646,B,fixed_summary,high,P1,<AUDIT_ROOT>/extracted_sessions/F12_S06/attempt_a01/B_high/raw/probe/P1/F12_S06_B_high_a01/event_ledger.jsonl,c4c720f74279f98ce1bd116444fb875783f3b4062109b07d62cab7a4acf7be51,90,0,0,0,,0,0,,,,,,,,1854.4743715,1988.8530398999999,2023.91674271
PASS,F12_S06,a01,864869646,B,fixed_summary,high,P2,<AUDIT_ROOT>/extracted_sessions/F12_S06/attempt_a01/B_high/raw/probe/P2/F12_S06_B_high_a01/event_ledger.jsonl,3537e4a1ea69e844659adb89add65d251fe8b4329b95fac0a26228c9f73725dd,90,0,0,0,,0,0,,,,,,,,659.0366684999999,780.89313045,817.86433996
PASS,F12_S06,a01,864869646,B,fixed_summary,high,P3,<AUDIT_ROOT>/extracted_sessions/F12_S06/attempt_a01/B_high/raw/probe/P3/F12_S06_B_high_a01/event_ledger.jsonl,adfc57a2eac2fd38c6ba87646d6c65b8f517d324efd9be5c6d7d26d376fd35f0,90,0,0,0,,0,0,,,,,,,,91.71286950000001,165.02682105,171.19957171
PASS,F12_S06,a01,864869646,C,fixed_full,low,P1,<AUDIT_ROOT>/extracted_sessions/F12_S06/attempt_a01/C_low/raw/probe/P1/F12_S06_C_low_a01/event_ledger.jsonl,2faeb09cee37a23627b2ff2ac362668eaf540a9232e58bc6369787ae585079ca,90,90,90,0,0.0,90,0,0.0,103107.287474,183310.70184544998,190450.37222664,105108.8590395,185370.63283289998,192557.23044595,2001.5715655,2059.93098745,2106.85821931
PASS,F12_S06,a01,864869646,C,fixed_full,low,P2,<AUDIT_ROOT>/extracted_sessions/F12_S06/attempt_a01/C_low/raw/probe/P2/F12_S06_C_low_a01/event_ledger.jsonl,ea80e3649753ee954d3a5d7067258156cc3327875ec7e9d62ae7e6e7ed477414,90,90,90,0,0.0,90,0,0.0,103089.53977850001,183238.2460651,190393.81633366,103784.01835,184047.61234954998,191243.84937595,694.4785715,809.36628445,850.03304229
PASS,F12_S06,a01,864869646,C,fixed_full,low,P3,<AUDIT_ROOT>/extracted_sessions/F12_S06/attempt_a01/C_low/raw/probe/P3/F12_S06_C_low_a01/event_ledger.jsonl,0db7c080645a987ae37102fcce0944f461bf02783e8db2ec44789405ca964da2,90,90,90,0,0.0,90,0,0.0,102351.16564600001,182538.61691714998,189743.94534222,102431.4151105,182681.9034798,189892.46421235002,80.2494645,143.28656264999998,148.51887013
PASS,F12_S06,a01,864869646,C,fixed_full,mid,P1,<AUDIT_ROOT>/extracted_sessions/F12_S06/attempt_a01/C_mid/raw/probe/P1/F12_S06_C_mid_a01/event_ledger.jsonl,23d522ba4c8b682e8c574092e1e14080cd8210de993be1266047d9341cf883d9,90,90,90,0,0.0,90,0,0.0,27037.755633,46922.1418918,48917.347587029995,28928.2424425,48941.83695485,50940.45310233,1890.4868095,2019.76863395,2023.1055153
PASS,F12_S06,a01,864869646,C,fixed_full,mid,P2,<AUDIT_ROOT>/extracted_sessions/F12_S06/attempt_a01/C_mid/raw/probe/P2/F12_S06_C_mid_a01/event_ledger.jsonl,62c0f0e11d5b3a59402f89ad6d2cf1389e86e3ad44364626d9ee1aea1dc9a002,90,90,90,0,0.0,90,0,0.0,26966.164084,46944.88675195,48916.65279219,27618.5285935,47660.271468650004,49652.41945814,652.3645094999999,715.4215493,735.76666595
PASS,F12_S06,a01,864869646,C,fixed_full,mid,P3,<AUDIT_ROOT>/extracted_sessions/F12_S06/attempt_a01/C_mid/raw/probe/P3/F12_S06_C_mid_a01/event_ledger.jsonl,48c38b835cc1d4f474ad69d9745b0a84e541d48333e396f269c10fd0f93d3690,90,90,90,0,0.0,90,0,0.0,26340.581985,46225.65714185,48214.859556070005,26417.7043415,46367.302028549995,48363.27452467,77.1223565,141.6448867,146.70275940000002
PASS,F12_S06,a01,864869646,C,fixed_full,high,P1,<AUDIT_ROOT>/extracted_sessions/F12_S06/attempt_a01/C_high/raw/probe/P1/F12_S06_C_high_a01/event_ledger.jsonl,973357ab037df5cd310b2fda2df25442f472ced5c42463bf50099d9b53dfff77,90,90,90,87,0.9666666666666667,90,0,0.0,973.4916774999999,997.3916898,1028.0873878799998,2944.1509695,3006.73610835,3046.64134189,1965.9507775,2015.68536055,2038.58998022
PASS,F12_S06,a01,864869646,C,fixed_full,high,P2,<AUDIT_ROOT>/extracted_sessions/F12_S06/attempt_a01/C_high/raw/probe/P2/F12_S06_C_high_a01/event_ledger.jsonl,418eba28aa032f30d4f431116c9c393ecf450e799c320b6b9b61a6b8c9386795,90,90,90,82,0.9111111111111111,90,0,0.0,914.5690325,1006.13933535,1021.75002961,1659.136415,1767.41681255,1797.5014906,734.7217519999999,797.27644015,799.66960045
PASS,F12_S06,a01,864869646,C,fixed_full,high,P3,<AUDIT_ROOT>/extracted_sessions/F12_S06/attempt_a01/C_high/raw/probe/P3/F12_S06_C_high_a01/event_ledger.jsonl,27710e921b94718dfb473cc3e58fb5825fb026ccebca0afe6c5fa2ab16fa2a1b,90,90,90,90,1.0,90,90,1.0,235.4291675,301.49620495,437.95013011999987,331.833431,408.6258515,588.7469589799998,80.3851495,144.30296454999998,150.79682886
PASS,F12_S06,a01,864869646,D,independent_dpp,low,P1,<AUDIT_ROOT>/extracted_sessions/F12_S06/attempt_a01/D_low/raw/probe/P1/F12_S06_D_low_a01/event_ledger.jsonl,b41c5763bcfeed3ff9513d84e255b3bd77d3bad71deab104fdabbdafdf4a0082,90,22,22,0,0.0,22,0,0.0,3858.6237785000003,4023.41944925,4044.30422379,5867.7509005,5945.462854599999,5966.38654756,2005.7742979999998,2040.85679595,2043.68552372
PASS,F12_S06,a01,864869646,D,independent_dpp,low,P2,<AUDIT_ROOT>/extracted_sessions/F12_S06/attempt_a01/D_low/raw/probe/P2/F12_S06_D_low_a01/event_ledger.jsonl,521350013ddd79de4d7c1029c483fca96b5da24cf5bf4a0ac9a8d01ad3e95200,90,22,22,0,0.0,22,0,0.0,3859.9099775,3979.29736915,4020.7416393,4585.4275385,4655.3324144,4674.44989247,696.1805505,797.43334595,799.99519142
PASS,F12_S06,a01,864869646,D,independent_dpp,low,P3,<AUDIT_ROOT>/extracted_sessions/F12_S06/attempt_a01/D_low/raw/probe/P3/F12_S06_D_low_a01/event_ledger.jsonl,5f7bf24a342a423acecd4d91e555e6bdceadaca2f0a56346717ac07344c87b30,90,22,22,0,0.0,22,0,0.0,3145.4864075,3226.5612931,3439.43150819,3246.616021,3337.2318444,3485.93567643,84.88464,156.41493165,161.73459511000001
PASS,F12_S06,a01,864869646,D,independent_dpp,mid,P1,<AUDIT_ROOT>/extracted_sessions/F12_S06/attempt_a01/D_mid/raw/probe/P1/F12_S06_D_mid_a01/event_ledger.jsonl,91517c0c3710b8cd060c76a004118e33157c7b89969d6b013f356bfaf78927b6,90,45,45,0,0.0,45,0,0.0,1927.307978,1983.1210047999998,2017.01134168,3895.678538,3945.5811346,3950.0196600000004,1969.620571,1996.0854284,2000.62223436
PASS,F12_S06,a01,864869646,D,independent_dpp,mid,P2,<AUDIT_ROOT>/extracted_sessions/F12_S06/attempt_a01/D_mid/raw/probe/P2/F12_S06_D_mid_a01/event_ledger.jsonl,bd2b9edf3a8ccb63614d3af8f773ecbc805f7295e1d0d1de3f343fa1fc883a30,90,45,45,0,0.0,45,0,0.0,1838.214379,1984.6009099999999,2001.52886692,2735.999157,2783.2179290000004,2790.43568748,903.620201,932.04827495,934.79541605
PASS,F12_S06,a01,864869646,D,independent_dpp,mid,P3,<AUDIT_ROOT>/extracted_sessions/F12_S06/attempt_a01/D_mid/raw/probe/P3/F12_S06_D_mid_a01/event_ledger.jsonl,a901fa3c512864db677c462bd865ed90e1e579c371dcb57de2235de82620c953,90,45,45,0,0.0,45,0,0.0,1144.625342,1232.8920554000001,1255.857256,1242.533846,1293.2156062,1297.06429312,79.1472235,144.52158595,150.14379034
PASS,F12_S06,a01,864869646,D,independent_dpp,high,P1,<AUDIT_ROOT>/extracted_sessions/F12_S06/attempt_a01/D_high/raw/probe/P1/F12_S06_D_high_a01/event_ledger.jsonl,d66a73f315cd013b79278b8fc6e83542b66f0f1a39063e82732e409a67ffa67b,90,90,90,83,0.9222222222222223,90,0,0.0,973.446173,1002.88119095,1036.65712321,2894.706749,2989.90061405,3038.81803296,1912.7504454999998,2042.66541425,2046.9281888500002
PASS,F12_S06,a01,864869646,D,independent_dpp,high,P2,<AUDIT_ROOT>/extracted_sessions/F12_S06/attempt_a01/D_high/raw/probe/P2/F12_S06_D_high_a01/event_ledger.jsonl,c7cc813d0fcd6186f13077ff935ab95350f3fa69f0221c43f0b030e5d4a96e09,90,90,90,85,0.9444444444444444,90,0,0.0,906.9409909999999,1002.23628795,1053.11939095,1653.553829,1769.26107,1830.53374627,730.764473,856.3641339,859.4803691100001
PASS,F12_S06,a01,864869646,D,independent_dpp,high,P3,<AUDIT_ROOT>/extracted_sessions/F12_S06/attempt_a01/D_high/raw/probe/P3/F12_S06_D_high_a01/event_ledger.jsonl,b20afdd586ea005389ef8ece1ca41d6c4edbe290560faa5578043a8b955da74c,90,90,90,90,1.0,90,90,1.0,236.8552785,325.00824405,368.00485224,318.337633,456.823025,493.59107475999997,73.88092449999999,132.76274435,138.62016888
PASS,F12_S06,a01,864869646,E,central_dpp,low,P1,<AUDIT_ROOT>/extracted_sessions/F12_S06/attempt_a01/E_low/raw/probe/P1/F12_S06_E_low_a01/event_ledger.jsonl,8ea0e897ae84376eef07bebd16a70fed41ed909a90d6c4397d05481b658b9286,90,0,0,0,,0,0,,,,,,,,1945.692028,2067.8927903,2070.45718994
PASS,F12_S06,a01,864869646,E,central_dpp,low,P2,<AUDIT_ROOT>/extracted_sessions/F12_S06/attempt_a01/E_low/raw/probe/P2/F12_S06_E_low_a01/event_ledger.jsonl,5d331be109785345fa0052bd710c0e5d2b5391cd38edde27cf962d7220def8f8,90,0,0,0,,0,0,,,,,,,,746.0930834999999,825.03880285,827.80360797
PASS,F12_S06,a01,864869646,E,central_dpp,low,P3,<AUDIT_ROOT>/extracted_sessions/F12_S06/attempt_a01/E_low/raw/probe/P3/F12_S06_E_low_a01/event_ledger.jsonl,a429e8e0d1735af038ab002c541c6881e6091efe3743bb93158ee38ac4c5f4a1,90,0,0,0,,0,0,,,,,,,,84.7266075,151.8413192,158.03250312
PASS,F12_S06,a01,864869646,E,central_dpp,mid,P1,<AUDIT_ROOT>/extracted_sessions/F12_S06/attempt_a01/E_mid/raw/probe/P1/F12_S06_E_mid_a01/event_ledger.jsonl,2630fc5839939a591a98d7d112d71997c390da0eb63666448914d17aaea1d18e,90,30,30,27,0.9,30,0,0.0,932.7432739999999,1017.90883415,1026.04052096,2917.5650205,3025.18523225,3057.03419164,2001.5696185,2059.93962715,2070.55513776
PASS,F12_S06,a01,864869646,E,central_dpp,mid,P2,<AUDIT_ROOT>/extracted_sessions/F12_S06/attempt_a01/E_mid/raw/probe/P2/F12_S06_E_mid_a01/event_ledger.jsonl,3ffe91bc36fe2a7a565645d27318d79aa6504977a7ec6856484228b6bbffeecd,90,30,30,26,0.8666666666666667,30,0,0.0,930.7101305000001,1038.9347576999999,1077.45095571,1795.383967,1915.85030575,1967.71936784,869.653491,935.41694775,937.74269271
PASS,F12_S06,a01,864869646,E,central_dpp,mid,P3,<AUDIT_ROOT>/extracted_sessions/F12_S06/attempt_a01/E_mid/raw/probe/P3/F12_S06_E_mid_a01/event_ledger.jsonl,be0b1609174072f066796c369dc35d430af7c4c42fa4f8a45b7bf3cab12021ff,90,30,30,30,1.0,30,30,1.0,298.6170575,435.35689624999986,523.4194523900001,384.854341,536.7552626499998,573.76575998,89.2058335,151.6942261,158.03908282999998
PASS,F12_S06,a01,864869646,E,central_dpp,high,P1,<AUDIT_ROOT>/extracted_sessions/F12_S06/attempt_a01/E_high/raw/probe/P1/F12_S06_E_high_a01/event_ledger.jsonl,be29a0653b2cd6061f3a9906d941262e6bcbe48b13c7b7f35363d6713dc08e32,90,90,90,85,0.9444444444444444,90,0,0.0,800.9361145,990.8264888499999,1048.0266474,2976.211202,3085.7016031499998,3132.08548693,2175.335422,2214.35082485,2217.29715474
PASS,F12_S06,a01,864869646,E,central_dpp,high,P2,<AUDIT_ROOT>/extracted_sessions/F12_S06/attempt_a01/E_high/raw/probe/P2/F12_S06_E_high_a01/event_ledger.jsonl,8b7b5f8af18c68d56659f8683aef0b1cc73efa7736dd1977153cf5e2e692d6f8,90,90,90,87,0.9666666666666667,90,0,0.0,742.894053,961.1408493499998,1064.7021211099998,1796.5050765,1914.01400925,1967.54141253,1059.91418,1102.2518478,1105.73204528
PASS,F12_S06,a01,864869646,E,central_dpp,high,P3,<AUDIT_ROOT>/extracted_sessions/F12_S06/attempt_a01/E_high/raw/probe/P3/F12_S06_E_high_a01/event_ledger.jsonl,06de8203fa3df13e29a8e7b185480730abad472f814a8744bc68305fcaf49ef0,90,90,90,90,1.0,90,90,1.0,260.986539,356.75476875,595.16088917,341.682082,468.79719244999995,624.40393777,79.39644799999999,154.00950824999998,160.19677253999998
PASS,F12_S06,a01,864869646,F,shielded_dpp,low,P1,<AUDIT_ROOT>/extracted_sessions/F12_S06/attempt_a01/F_low/raw/probe/P1/F12_S06_F_low_a01/event_ledger.jsonl,1edf0f98220d27328c005ee5c2948f7e6dde3158e3662873605b42371fadd6ed,90,0,0,0,,0,0,,,,,,,,1933.6296405,1972.000887,1976.5784778099999
PASS,F12_S06,a01,864869646,F,shielded_dpp,low,P2,<AUDIT_ROOT>/extracted_sessions/F12_S06/attempt_a01/F_low/raw/probe/P2/F12_S06_F_low_a01/event_ledger.jsonl,119d006d41ed3f9963bb0222a01f893d9dc6ce306a87840b370b2f17c73422d3,90,0,0,0,,0,0,,,,,,,,775.1144205,817.3256322,820.89021224
PASS,F12_S06,a01,864869646,F,shielded_dpp,low,P3,<AUDIT_ROOT>/extracted_sessions/F12_S06/attempt_a01/F_low/raw/probe/P3/F12_S06_F_low_a01/event_ledger.jsonl,40a0b1a80c405af17a1d7617246bf5d2f4758d78f0153dc558a90ee7f94d243f,90,0,0,0,,0,0,,,,,,,,89.9123425,160.32234645,166.50539131999997
PASS,F12_S06,a01,864869646,F,shielded_dpp,mid,P1,<AUDIT_ROOT>/extracted_sessions/F12_S06/attempt_a01/F_mid/raw/probe/P1/F12_S06_F_mid_a01/event_ledger.jsonl,86da1c2891e455453776577e81e3a32c7eee7f1bc0bae324b888f36057dad289,90,30,30,25,0.8333333333333334,30,0,0.0,981.1642549999999,1016.3293698499999,1059.70754138,2828.2880315,2900.68639505,2925.74248102,1830.576172,1960.8335152,1963.53634064
PASS,F12_S06,a01,864869646,F,shielded_dpp,mid,P2,<AUDIT_ROOT>/extracted_sessions/F12_S06/attempt_a01/F_mid/raw/probe/P2/F12_S06_F_mid_a01/event_ledger.jsonl,a63c3bcbffddb2ac801650b8490e9a26f006e48ae07c93391390cea6e18f4ae2,90,30,30,27,0.9,30,0,0.0,920.407119,1020.3817965,1076.7137093600002,1636.8627545,1741.8683944499999,1832.6968864,688.1442845,761.77429735,764.0491202899999
PASS,F12_S06,a01,864869646,F,shielded_dpp,mid,P3,<AUDIT_ROOT>/extracted_sessions/F12_S06/attempt_a01/F_mid/raw/probe/P3/F12_S06_F_mid_a01/event_ledger.jsonl,57768087bc5ce0203d327ad604fe55133e4084e75e65927123a60a479d1b7846,90,30,30,30,1.0,30,30,1.0,277.630132,330.07566739999993,343.46372088000004,344.55556950000005,455.8069248,460.95251502,82.09875349999999,150.93305615,156.55061181
PASS,F12_S06,a01,864869646,F,shielded_dpp,high,P1,<AUDIT_ROOT>/extracted_sessions/F12_S06/attempt_a01/F_high/raw/probe/P1/F12_S06_F_high_a01/event_ledger.jsonl,42100136a5c024f927e8fe4e2c1bc414201ee9698756a098437a48f33b26cb1b,90,90,90,88,0.9777777777777777,90,0,0.0,967.6847525000001,994.8041478,1023.62997665,2887.547685,2951.40070035,2963.87954451,1922.9181435,1970.3788313500002,1972.80417433
PASS,F12_S06,a01,864869646,F,shielded_dpp,high,P2,<AUDIT_ROOT>/extracted_sessions/F12_S06/attempt_a01/F_high/raw/probe/P2/F12_S06_F_high_a01/event_ledger.jsonl,b04b6a9b132d495f3da249191352f06333f5a9c97813dac343d2a6955a9b2a22,90,90,90,86,0.9555555555555556,90,0,0.0,900.348641,998.48265145,1018.5637098399999,1602.945473,1701.3460306999998,1727.81070465,698.820246,740.1168130499999,744.42505717
PASS,F12_S06,a01,864869646,F,shielded_dpp,high,P3,<AUDIT_ROOT>/extracted_sessions/F12_S06/attempt_a01/F_high/raw/probe/P3/F12_S06_F_high_a01/event_ledger.jsonl,2f8b1126aef664ef82b6158f4f76ff1d15825a826d603372848096eb6c58022b,90,90,90,90,1.0,90,90,1.0,235.8674625,299.98254835,321.90742578,335.71842300000003,415.17338685,437.27202545,88.1960995,149.61755449999998,155.08539953000002
PASS,F12_S07,a02,4283485909,A,fixed_local,low,P1,<AUDIT_ROOT>/extracted_sessions/F12_S07/attempt_a02/A_low/raw/probe/P1/F12_S07_A_low_a02/event_ledger.jsonl,fab58a886ecc41179366de4d6e15e5a81dc0c30aa4c8ac28f3a4a59eead26f90,90,0,0,0,,0,0,,,,,,,,1944.9322164999999,2011.18300965,2014.6864527999999
PASS,F12_S07,a02,4283485909,A,fixed_local,low,P2,<AUDIT_ROOT>/extracted_sessions/F12_S07/attempt_a02/A_low/raw/probe/P2/F12_S07_A_low_a02/event_ledger.jsonl,099b3cdb60341cb38a0da1a90478059f8311b2e63d7d40f1d8f7799e24c4f98f,90,0,0,0,,0,0,,,,,,,,730.08998,809.63195735,812.82885219
PASS,F12_S07,a02,4283485909,A,fixed_local,low,P3,<AUDIT_ROOT>/extracted_sessions/F12_S07/attempt_a02/A_low/raw/probe/P3/F12_S07_A_low_a02/event_ledger.jsonl,0984aaaf9d9c11f95cf71a4e21e8c8702736ae1113c4a4f56885fea4c5d92d4b,90,0,0,0,,0,0,,,,,,,,88.76315500000001,160.55578065,167.26996161
PASS,F12_S07,a02,4283485909,A,fixed_local,mid,P1,<AUDIT_ROOT>/extracted_sessions/F12_S07/attempt_a02/A_mid/raw/probe/P1/F12_S07_A_mid_a02/event_ledger.jsonl,0cc1081be406ac419732936ce837daa83ba5ab2f9cbdb4f2acd47111126b63c4,90,0,0,0,,0,0,,,,,,,,1868.8615289999998,1943.84609475,1948.18224549
PASS,F12_S07,a02,4283485909,A,fixed_local,mid,P2,<AUDIT_ROOT>/extracted_sessions/F12_S07/attempt_a02/A_mid/raw/probe/P2/F12_S07_A_mid_a02/event_ledger.jsonl,ddaeefec8325c0b50e19de95af3dcc2e48fe5d9bbbabfbd4e3895c408209d3ec,90,0,0,0,,0,0,,,,,,,,629.013967,699.0847730999999,702.52179148
PASS,F12_S07,a02,4283485909,A,fixed_local,mid,P3,<AUDIT_ROOT>/extracted_sessions/F12_S07/attempt_a02/A_mid/raw/probe/P3/F12_S07_A_mid_a02/event_ledger.jsonl,f586eef1992f215f294e809abf03dd0d30d70c6009d7353d933f5aa6c2447c44,90,0,0,0,,0,0,,,,,,,,93.9378315,164.65761135,171.38406702999998
PASS,F12_S07,a02,4283485909,A,fixed_local,high,P1,<AUDIT_ROOT>/extracted_sessions/F12_S07/attempt_a02/A_high/raw/probe/P1/F12_S07_A_high_a02/event_ledger.jsonl,b45640b3d19c4c32e94dec915eb36d2ca2ddb66a485fe4708559697c332a957d,90,0,0,0,,0,0,,,,,,,,2100.5354989999996,2245.8256662000003,2249.0612472800003
PASS,F12_S07,a02,4283485909,A,fixed_local,high,P2,<AUDIT_ROOT>/extracted_sessions/F12_S07/attempt_a02/A_high/raw/probe/P2/F12_S07_A_high_a02/event_ledger.jsonl,e3a4d1b6941597805be09e1f8c797536c90e5afb54d262d28a73c719339da95d,90,0,0,0,,0,0,,,,,,,,895.0649530000001,1020.0588338,1023.99979608
PASS,F12_S07,a02,4283485909,A,fixed_local,high,P3,<AUDIT_ROOT>/extracted_sessions/F12_S07/attempt_a02/A_high/raw/probe/P3/F12_S07_A_high_a02/event_ledger.jsonl,4837a784dff26e815f4eecb43509ce7668b077b2d61274641d07206b6d7370f2,90,0,0,0,,0,0,,,,,,,,88.530323,159.74346814999998,166.70123347
PASS,F12_S07,a02,4283485909,B,fixed_summary,low,P1,<AUDIT_ROOT>/extracted_sessions/F12_S07/attempt_a02/B_low/raw/probe/P1/F12_S07_B_low_a02/event_ledger.jsonl,f8e912eeb1b47df1a940575ba6abef3a4575f121ad93d03aae1e485492606412,90,0,0,0,,0,0,,,,,,,,1997.933122,2132.26349835,2136.2800469000003
PASS,F12_S07,a02,4283485909,B,fixed_summary,low,P2,<AUDIT_ROOT>/extracted_sessions/F12_S07/attempt_a02/B_low/raw/probe/P2/F12_S07_B_low_a02/event_ledger.jsonl,c5993e51e1293bf32697660d628455af4b9e8bd7ba539de952102061c7b55f12,90,0,0,0,,0,0,,,,,,,,675.121461,801.34266695,804.5227516900001
PASS,F12_S07,a02,4283485909,B,fixed_summary,low,P3,<AUDIT_ROOT>/extracted_sessions/F12_S07/attempt_a02/B_low/raw/probe/P3/F12_S07_B_low_a02/event_ledger.jsonl,beaf9d99c126cbcb1b14873810720d4897cb47a6f4a01065968327f4993f74b1,90,0,0,0,,0,0,,,,,,,,84.1350075,151.0694915,156.93807819
PASS,F12_S07,a02,4283485909,B,fixed_summary,mid,P1,<AUDIT_ROOT>/extracted_sessions/F12_S07/attempt_a02/B_mid/raw/probe/P1/F12_S07_B_mid_a02/event_ledger.jsonl,c318c80ec3b70c643fbbb39806d3ccf52ddab7a637189ccc3cebc0b49f003249,90,0,0,0,,0,0,,,,,,,,1927.0324625,1978.8494836,1985.1934090099999
PASS,F12_S07,a02,4283485909,B,fixed_summary,mid,P2,<AUDIT_ROOT>/extracted_sessions/F12_S07/attempt_a02/B_mid/raw/probe/P2/F12_S07_B_mid_a02/event_ledger.jsonl,3a00d5bf74d4e4a14c5952f0b3037a4ccf0d1dd7a1b536eb9186e8a3c4b2ea77,90,0,0,0,,0,0,,,,,,,,612.528886,680.9214160500001,683.96552505
PASS,F12_S07,a02,4283485909,B,fixed_summary,mid,P3,<AUDIT_ROOT>/extracted_sessions/F12_S07/attempt_a02/B_mid/raw/probe/P3/F12_S07_B_mid_a02/event_ledger.jsonl,3d2a2957f56662a9a3d450a2f5d62c2dc552bb3d93f69ccd5ebff242c566d90c,90,0,0,0,,0,0,,,,,,,,87.526261,157.83869955,164.97928625
PASS,F12_S07,a02,4283485909,B,fixed_summary,high,P1,<AUDIT_ROOT>/extracted_sessions/F12_S07/attempt_a02/B_high/raw/probe/P1/F12_S07_B_high_a02/event_ledger.jsonl,33ef0c6b1ab35f4d314bd5d9eda74324a87d820d3972bc65670527e3c0babf2a,90,0,0,0,,0,0,,,,,,,,2181.7678885,2223.7966874,2227.46673116
PASS,F12_S07,a02,4283485909,B,fixed_summary,high,P2,<AUDIT_ROOT>/extracted_sessions/F12_S07/attempt_a02/B_high/raw/probe/P2/F12_S07_B_high_a02/event_ledger.jsonl,1f7319db5149ed5fd61e42390fb24a3219d7f98c5a542b11940f645f53c74d48,90,0,0,0,,0,0,,,,,,,,613.080712,751.04203405,755.5461074599999
PASS,F12_S07,a02,4283485909,B,fixed_summary,high,P3,<AUDIT_ROOT>/extracted_sessions/F12_S07/attempt_a02/B_high/raw/probe/P3/F12_S07_B_high_a02/event_ledger.jsonl,0e812a0d73921ad517c41b19290462d6df5c41c946ec2d41fc71c0b5f2bcdb67,90,0,0,0,,0,0,,,,,,,,84.18612999999999,154.08574269999997,161.12535336000002
PASS,F12_S07,a02,4283485909,C,fixed_full,low,P1,<AUDIT_ROOT>/extracted_sessions/F12_S07/attempt_a02/C_low/raw/probe/P1/F12_S07_C_low_a02/event_ledger.jsonl,caf7102682e9c74fe3f0c1851970d57e9a6a268f388464bb9b40137aa7beb409,90,90,90,0,0.0,90,0,0.0,103075.51325300001,183284.9938685,190403.02723564,104901.285107,185230.1895343,192350.37338468002,1825.771854,1945.1956658,1947.34614904
PASS,F12_S07,a02,4283485909,C,fixed_full,low,P2,<AUDIT_ROOT>/extracted_sessions/F12_S07/attempt_a02/C_low/raw/probe/P2/F12_S07_C_low_a02/event_ledger.jsonl,a652108f0ff4dfb985f934499f08c2451f69b530af29c6dcfccc4b9711b47685,90,90,90,0,0.0,90,0,0.0,103088.915713,183266.90675224998,190389.59425211,103646.0763975,183968.62285965,191095.41055541998,557.1606845,701.7161073999999,705.81630331
PASS,F12_S07,a02,4283485909,C,fixed_full,low,P3,<AUDIT_ROOT>/extracted_sessions/F12_S07/attempt_a02/C_low/raw/probe/P3/F12_S07_C_low_a02/event_ledger.jsonl,0424e01047f1d21b31794b52540bcdb17d04470cb58747975882b4bb897819d8,90,90,90,0,0.0,90,0,0.0,102469.778244,182534.55619035,189656.75172209,102550.8937225,182678.14042794998,189805.99770483002,81.1154785,143.5842376,149.24598274
PASS,F12_S07,a02,4283485909,C,fixed_full,mid,P1,<AUDIT_ROOT>/extracted_sessions/F12_S07/attempt_a02/C_mid/raw/probe/P1/F12_S07_C_mid_a02/event_ledger.jsonl,cfeb5a8b3882a69fad3d837c82c1713b1d9208cbca4448ac449520186a72b197,90,90,90,0,0.0,90,0,0.0,26967.8352925,46831.93200655,48745.4177456,28991.420022,49106.19309055,51023.53199539,2023.5847295,2274.2610839999998,2277.8485732100003
PASS,F12_S07,a02,4283485909,C,fixed_full,mid,P2,<AUDIT_ROOT>/extracted_sessions/F12_S07/attempt_a02/C_mid/raw/probe/P2/F12_S07_C_mid_a02/event_ledger.jsonl,fecb25ed5a4e848a58ea3038ecd3453e42c7d788f039002d322ae24458932924,90,90,90,0,0.0,90,0,0.0,26928.2629495,46874.67967935,48782.862597880005,27699.903710500002,47827.5218699,49738.56205765,771.640761,952.8421905499999,955.2457392299999
PASS,F12_S07,a02,4283485909,C,fixed_full,mid,P3,<AUDIT_ROOT>/extracted_sessions/F12_S07/attempt_a02/C_mid/raw/probe/P3/F12_S07_C_mid_a02/event_ledger.jsonl,a0430e6f65f87403293b2cbf341d78c436b7d074228348e2b3aee243893a3b53,90,90,90,0,0.0,90,0,0.0,26289.455118500002,46305.6048788,48189.2831639,26366.854426500002,46445.4027823,48335.687691319996,77.39930799999999,139.7979035,145.43250858000002
PASS,F12_S07,a02,4283485909,C,fixed_full,high,P1,<AUDIT_ROOT>/extracted_sessions/F12_S07/attempt_a02/C_high/raw/probe/P1/F12_S07_C_high_a02/event_ledger.jsonl,2b0c62b354b8680a6d3574510cb61f7879f1a3a26d7e133d16d91138c6a58182,90,90,90,88,0.9777777777777777,90,0,0.0,967.651451,994.42725735,1012.93794755,2951.4039165,3008.7882597000003,3027.9237565900003,1983.4085854999998,2025.3712211,2028.54486292
PASS,F12_S07,a02,4283485909,C,fixed_full,high,P2,<AUDIT_ROOT>/extracted_sessions/F12_S07/attempt_a02/C_high/raw/probe/P2/F12_S07_C_high_a02/event_ledger.jsonl,7e133e1160af95dfa83c6eb0de28f6adc9c10ace97fddc8e15378c98f7000a6b,90,90,90,84,0.9333333333333333,90,0,0.0,907.1445595,1002.05421155,1020.01839215,1714.614732,1817.81650975,1850.02064051,792.963628,850.9193954499999,872.49203833
PASS,F12_S07,a02,4283485909,C,fixed_full,high,P3,<AUDIT_ROOT>/extracted_sessions/F12_S07/attempt_a02/C_high/raw/probe/P3/F12_S07_C_high_a02/event_ledger.jsonl,f712695cbd0477e1e127cdb1090c9eb163028187978150b6e4c83a0959f507a4,90,90,90,90,1.0,90,90,1.0,232.73609499999998,309.47379275,327.0168906,330.525054,404.70277044999995,441.05835342,79.2851155,145.91371715,150.85887537
PASS,F12_S07,a02,4283485909,D,independent_dpp,low,P1,<AUDIT_ROOT>/extracted_sessions/F12_S07/attempt_a02/D_low/raw/probe/P1/F12_S07_D_low_a02/event_ledger.jsonl,80a46090b1bb4975215c53115d0db8abcc9cc4f3129927c11903fc37d1a17c69,90,22,22,0,0.0,22,0,0.0,3960.967975,3994.4519702999996,4034.98400424,5873.624427,5967.7407152,5972.899733050001,1909.5588825,2101.82305275,2103.77397872
PASS,F12_S07,a02,4283485909,D,independent_dpp,low,P2,<AUDIT_ROOT>/extracted_sessions/F12_S07/attempt_a02/D_low/raw/probe/P2/F12_S07_D_low_a02/event_ledger.jsonl,f343cc066b6a6a5c06b32cf81c24fef3a30a4b1093d6f969a3a496a8bb85d946,90,22,22,0,0.0,22,0,0.0,3899.8637125,3977.504411,3983.83314185,4622.062314,4716.5894509,4721.23429585,717.7912114999999,874.2676803,876.8077469899999
PASS,F12_S07,a02,4283485909,D,independent_dpp,low,P3,<AUDIT_ROOT>/extracted_sessions/F12_S07/attempt_a02/D_low/raw/probe/P3/F12_S07_D_low_a02/event_ledger.jsonl,45796dcef13b2fe4125ed802dddf6067bd323074c2152e84ad875f566f854b0a,90,22,22,0,0.0,22,0,0.0,3120.8197170000003,3207.8965772,3254.84461053,3206.3592045,3311.62543975,3387.9657263100003,83.89890249999999,149.31064525,155.41471531
PASS,F12_S07,a02,4283485909,D,independent_dpp,mid,P1,<AUDIT_ROOT>/extracted_sessions/F12_S07/attempt_a02/D_mid/raw/probe/P1/F12_S07_D_mid_a02/event_ledger.jsonl,e32944937fcdc2d3ce9280cf8780dc687e1571f7180c6af6aaf45748f21d895f,90,45,45,0,0.0,45,0,0.0,1893.698455,1978.318707,1986.48171608,3941.548718,4040.4704736,4058.86603032,2049.3462385000003,2104.28121255,2107.48325702
PASS,F12_S07,a02,4283485909,D,independent_dpp,mid,P2,<AUDIT_ROOT>/extracted_sessions/F12_S07/attempt_a02/D_mid/raw/probe/P2/F12_S07_D_mid_a02/event_ledger.jsonl,fcfb51247de9772141a9e51f51277a14957103a99cdb12e42d963fbb32862fdc,90,45,45,0,0.0,45,0,0.0,1850.880285,1938.3257782,1977.1514577599999,2756.280253,2850.4246952,2877.18633356,941.233522,966.3978280499999,970.28916353
PASS,F12_S07,a02,4283485909,D,independent_dpp,mid,P3,<AUDIT_ROOT>/extracted_sessions/F12_S07/attempt_a02/D_mid/raw/probe/P3/F12_S07_D_mid_a02/event_ledger.jsonl,2682618a593114fba93636e376edc495154d4f4d0bd98c834bd17da0b21714be,90,45,45,0,0.0,45,0,0.0,1149.143197,1228.0270326,1240.7793892,1250.593577,1338.5934012,1373.42145912,85.93279000000001,151.35092145,156.41175544
PASS,F12_S07,a02,4283485909,D,independent_dpp,high,P1,<AUDIT_ROOT>/extracted_sessions/F12_S07/attempt_a02/D_high/raw/probe/P1/F12_S07_D_high_a02/event_ledger.jsonl,f3ae59c3cf9899df424a5b1746ac46027d5faf3a590b0e3e5faa3ad8505df065,90,90,90,87,0.9666666666666667,90,0,0.0,959.5210445,993.325863,1037.65185673,2927.089931,3163.1126185000003,3186.76853381,1967.182034,2170.46772215,2176.68505765
PASS,F12_S07,a02,4283485909,D,independent_dpp,high,P2,<AUDIT_ROOT>/extracted_sessions/F12_S07/attempt_a02/D_high/raw/probe/P2/F12_S07_D_high_a02/event_ledger.jsonl,5b9cc42fde34be3abf2b22a3f4864548de7627de52faa61fa55eb4341588420b,90,90,90,80,0.8888888888888888,90,0,0.0,913.391901,1010.6052378,1091.2225225,1712.74107,1936.25220105,1975.5043159,782.638235,931.8399497500001,1045.7097674
PASS,F12_S07,a02,4283485909,D,independent_dpp,high,P3,<AUDIT_ROOT>/extracted_sessions/F12_S07/attempt_a02/D_high/raw/probe/P3/F12_S07_D_high_a02/event_ledger.jsonl,52b60e725c2a2cbfbeeb0aec8fd619bec5f685620046a98a2f5ab1a85b2d0219,90,90,90,89,0.9888888888888889,90,89,0.9888888888888889,230.1244485,319.77329689999993,570.5577049199997,328.6335865,561.60033755,709.4986593499996,81.2354105,328.15666865000003,333.10214906000004
PASS,F12_S07,a02,4283485909,E,central_dpp,low,P1,<AUDIT_ROOT>/extracted_sessions/F12_S07/attempt_a02/E_low/raw/probe/P1/F12_S07_E_low_a02/event_ledger.jsonl,6dfdab1bda7d7d76db7a0ad2c6978a2a476a00c147650902a9c3ce1e6ab063fc,90,0,0,0,,0,0,,,,,,,,2036.602789,2077.07941235,2082.28419229
PASS,F12_S07,a02,4283485909,E,central_dpp,low,P2,<AUDIT_ROOT>/extracted_sessions/F12_S07/attempt_a02/E_low/raw/probe/P2/F12_S07_E_low_a02/event_ledger.jsonl,6084958eb828505543ac57a27e50dbc2ea377fae2bf270e21959325dbdf11983,90,0,0,0,,0,0,,,,,,,,723.481239,764.0737614,767.98338542
PASS,F12_S07,a02,4283485909,E,central_dpp,low,P3,<AUDIT_ROOT>/extracted_sessions/F12_S07/attempt_a02/E_low/raw/probe/P3/F12_S07_E_low_a02/event_ledger.jsonl,334a529b1681a6f7d67435223aedc7d650a3902a3a9f7c20b1ae004a510323b8,90,0,0,0,,0,0,,,,,,,,88.2845315,155.98282694999997,161.79522526000002
PASS,F12_S07,a02,4283485909,E,central_dpp,mid,P1,<AUDIT_ROOT>/extracted_sessions/F12_S07/attempt_a02/E_mid/raw/probe/P1/F12_S07_E_mid_a02/event_ledger.jsonl,e6b6d24dfb28921c5921adfa41c0e67c617b0457291002f8f9a035e8c326970f,90,30,30,26,0.8666666666666667,30,0,0.0,947.437289,1017.69371875,1023.0531916900001,3059.3674185,3146.67893815,3177.48464975,2137.4249330000002,2178.2825184000003,2188.0497847700003
PASS,F12_S07,a02,4283485909,E,central_dpp,mid,P2,<AUDIT_ROOT>/extracted_sessions/F12_S07/attempt_a02/E_mid/raw/probe/P2/F12_S07_E_mid_a02/event_ledger.jsonl,f766a0812799e80d4207d496b76ae9376286665be4ef34a57d4ba7a96e0cf253,90,30,30,26,0.8666666666666667,30,0,0.0,892.238391,1037.3353065,1047.05616555,1746.393838,1859.2337666499998,1897.3156750300002,861.110672,927.6076896,931.1960674300001
PASS,F12_S07,a02,4283485909,E,central_dpp,mid,P3,<AUDIT_ROOT>/extracted_sessions/F12_S07/attempt_a02/E_mid/raw/probe/P3/F12_S07_E_mid_a02/event_ledger.jsonl,555123fc1df947469fc041ab1627f4e3329cfe02ccdff56205c1909576f2488a,90,30,30,30,1.0,30,30,1.0,279.577494,381.4646584,392.50254327000005,368.7180545,520.110433,530.62346415,87.1590455,158.9714312,164.31325970999998
PASS,F12_S07,a02,4283485909,E,central_dpp,high,P1,<AUDIT_ROOT>/extracted_sessions/F12_S07/attempt_a02/E_high/raw/probe/P1/F12_S07_E_high_a02/event_ledger.jsonl,22b7519e002b62adebcf7939f0973747e01c7721c11516eac4e277f037e8092d,90,90,90,88,0.9777777777777777,90,0,0.0,954.3832454999999,993.0444526499999,1015.5844949599999,3015.2595874999997,3077.13046485,3089.2662841799997,2061.6057825,2089.04987095,2093.52303173
PASS,F12_S07,a02,4283485909,E,central_dpp,high,P2,<AUDIT_ROOT>/extracted_sessions/F12_S07/attempt_a02/E_high/raw/probe/P2/F12_S07_E_high_a02/event_ledger.jsonl,84dd3977a0b426168b9872536d89e16a8b4931316ba33de692cee96c8968f976,90,90,90,84,0.9333333333333333,90,0,0.0,912.7007455,1003.413995,1017.00862093,1799.7485605,1891.0674427,1923.2508600899998,864.4822115,940.96333405,944.8286679
PASS,F12_S07,a02,4283485909,E,central_dpp,high,P3,<AUDIT_ROOT>/extracted_sessions/F12_S07/attempt_a02/E_high/raw/probe/P3/F12_S07_E_high_a02/event_ledger.jsonl,22e16b186aa458b61fd4ab1208b6db3e56dbe66962b6f708a5d2d821972acaa1,90,90,90,90,1.0,90,90,1.0,234.528093,326.53177915,392.83381126999996,332.4342005,414.54206684999997,462.4419536,81.422323,144.79119045,150.14997390000002
PASS,F12_S07,a02,4283485909,F,shielded_dpp,low,P1,<AUDIT_ROOT>/extracted_sessions/F12_S07/attempt_a02/F_low/raw/probe/P1/F12_S07_F_low_a02/event_ledger.jsonl,41cdff09fda31e901a0fe224329d83978a02c01096ffb67c77f82481c1b2b0bc,90,0,0,0,,0,0,,,,,,,,1894.5802979999999,1993.3559927,1996.32685343
PASS,F12_S07,a02,4283485909,F,shielded_dpp,low,P2,<AUDIT_ROOT>/extracted_sessions/F12_S07/attempt_a02/F_low/raw/probe/P2/F12_S07_F_low_a02/event_ledger.jsonl,c1db44bbe094a3eaaa099aae5e05c9c4b79b176e5e674a38223868a0c63ed97b,90,0,0,0,,0,0,,,,,,,,628.4241735,734.734724,738.09530613
PASS,F12_S07,a02,4283485909,F,shielded_dpp,low,P3,<AUDIT_ROOT>/extracted_sessions/F12_S07/attempt_a02/F_low/raw/probe/P3/F12_S07_F_low_a02/event_ledger.jsonl,bd42fc4c413801c4590bc709edc3baa84558a3ea427f778706f641c724b27737,90,0,0,0,,0,0,,,,,,,,85.550709,158.26089335,163.74092241
PASS,F12_S07,a02,4283485909,F,shielded_dpp,mid,P1,<AUDIT_ROOT>/extracted_sessions/F12_S07/attempt_a02/F_mid/raw/probe/P1/F12_S07_F_mid_a02/event_ledger.jsonl,9d73ab4fc2df4b1f8af7f3184fcb8454aca5bd8ee6861cdc507417d400970077,90,30,30,28,0.9333333333333333,30,0,0.0,917.2970795,1017.8650748499999,1054.05244461,2980.1814385,3092.31542145,3121.76303201,2068.2161025,2134.6164111999997,2137.7924984200004
PASS,F12_S07,a02,4283485909,F,shielded_dpp,mid,P2,<AUDIT_ROOT>/extracted_sessions/F12_S07/attempt_a02/F_mid/raw/probe/P2/F12_S07_F_mid_a02/event_ledger.jsonl,f224448979cf5391ffbcd389cf0a51a4e02d4fc1c8ad71339c8656163ab49114,90,30,30,28,0.9333333333333333,30,0,0.0,819.363362,988.3767319999996,1086.65447698,1525.7813455,1655.2210103500001,1684.54894315,716.894539,752.4462955500001,755.27119771
PASS,F12_S07,a02,4283485909,F,shielded_dpp,mid,P3,<AUDIT_ROOT>/extracted_sessions/F12_S07/attempt_a02/F_mid/raw/probe/P3/F12_S07_F_mid_a02/event_ledger.jsonl,3170c15d0ec700dfe9e98beabab7654929654416b91b3ba5a62ca8fe82cbcfcf,90,30,30,30,1.0,30,30,1.0,294.460915,386.11182694999997,399.23091572000004,389.48661300000003,472.71448855,500.66664569000005,79.007105,149.2857912,154.2801954
PASS,F12_S07,a02,4283485909,F,shielded_dpp,high,P1,<AUDIT_ROOT>/extracted_sessions/F12_S07/attempt_a02/F_high/raw/probe/P1/F12_S07_F_high_a02/event_ledger.jsonl,6c821476fba6ba87a23ed5b6c99abf4d9d7d74147644e6181fca9c46777204d3,90,90,90,89,0.9888888888888889,90,0,0.0,959.9237525000001,988.4927876,1001.66294093,2870.9949255,2931.6969071500002,2941.7612896699998,1891.049042,1956.68181555,1959.87715353
PASS,F12_S07,a02,4283485909,F,shielded_dpp,high,P2,<AUDIT_ROOT>/extracted_sessions/F12_S07/attempt_a02/F_high/raw/probe/P2/F12_S07_F_high_a02/event_ledger.jsonl,f24ad3950ec8771ec3e84b012ae919adc6056067ef6e0e7c301ad1a338341130,90,90,90,86,0.9555555555555556,90,0,0.0,909.237556,996.2292518,1034.8100794499999,1644.5742865,1741.22991805,1770.36402278,704.867619,781.20624905,833.58882081
PASS,F12_S07,a02,4283485909,F,shielded_dpp,high,P3,<AUDIT_ROOT>/extracted_sessions/F12_S07/attempt_a02/F_high/raw/probe/P3/F12_S07_F_high_a02/event_ledger.jsonl,9ee6ce2395e1c0ed74f842416d6dd35c94b0b392f45acaaa5a6a8ff6cf73024c,90,90,90,90,1.0,90,90,1.0,231.220969,307.1540611,328.42294784,329.15961400000003,400.66255065,453.44067927000003,79.4128925,144.87603289999998,151.50347296
PASS,F12_S08,a01,75213238,A,fixed_local,low,P1,<AUDIT_ROOT>/extracted_sessions/F12_S08/attempt_a01/A_low/raw/probe/P1/F12_S08_A_low_a01/event_ledger.jsonl,68190334279ca102204332c71fb2a29d4f3be850eecb37f1275ca9ac034ce640,90,0,0,0,,0,0,,,,,,,,1957.3794515,2013.5987375,2016.11187997
PASS,F12_S08,a01,75213238,A,fixed_local,low,P2,<AUDIT_ROOT>/extracted_sessions/F12_S08/attempt_a01/A_low/raw/probe/P2/F12_S08_A_low_a01/event_ledger.jsonl,a61f72e8d1b2cb51d5c104b87ab9dd67806fe91ff64f5ada1393d300f67c1468,90,0,0,0,,0,0,,,,,,,,685.8752735,732.82292435,735.9282006
PASS,F12_S08,a01,75213238,A,fixed_local,low,P3,<AUDIT_ROOT>/extracted_sessions/F12_S08/attempt_a01/A_low/raw/probe/P3/F12_S08_A_low_a01/event_ledger.jsonl,a934a393835afbb05bc9faf3c3b51885a469f5679fa5b7ab95b0f92da67addfa,90,0,0,0,,0,0,,,,,,,,86.9793615,158.917628,165.43498155
PASS,F12_S08,a01,75213238,A,fixed_local,mid,P1,<AUDIT_ROOT>/extracted_sessions/F12_S08/attempt_a01/A_mid/raw/probe/P1/F12_S08_A_mid_a01/event_ledger.jsonl,2284f7daacc264d197d57695666ee65802490bb243c6d3cae52ab311ea0aeeb3,90,0,0,0,,0,0,,,,,,,,1817.220986,1937.67195505,1954.0634943100001
PASS,F12_S08,a01,75213238,A,fixed_local,mid,P2,<AUDIT_ROOT>/extracted_sessions/F12_S08/attempt_a01/A_mid/raw/probe/P2/F12_S08_A_mid_a01/event_ledger.jsonl,dd62ed713c73868de9e37dfd4a8b45a39cd392cb97fc880ae92a8dc8f3e65c5b,90,0,0,0,,0,0,,,,,,,,614.6729925,724.44196685,744.28402779
PASS,F12_S08,a01,75213238,A,fixed_local,mid,P3,<AUDIT_ROOT>/extracted_sessions/F12_S08/attempt_a01/A_mid/raw/probe/P3/F12_S08_A_mid_a01/event_ledger.jsonl,4a281730783edd527dbb52015678024edd14241b90aed3d0a2a95d97833779d2,90,0,0,0,,0,0,,,,,,,,87.9668205,158.54305935,164.89905690999998
PASS,F12_S08,a01,75213238,A,fixed_local,high,P1,<AUDIT_ROOT>/extracted_sessions/F12_S08/attempt_a01/A_high/raw/probe/P1/F12_S08_A_high_a01/event_ledger.jsonl,54c1bd35f5694997b3510025897464d71b3bf7fd549c42171fa6828723a41299,90,0,0,0,,0,0,,,,,,,,1937.5678075,2017.9473355999999,2035.31511956
PASS,F12_S08,a01,75213238,A,fixed_local,high,P2,<AUDIT_ROOT>/extracted_sessions/F12_S08/attempt_a01/A_high/raw/probe/P2/F12_S08_A_high_a01/event_ledger.jsonl,6b263bf6c2e75357ec766e0abae8fd89b9c9be9fcced1146f5974119c586ff87,90,0,0,0,,0,0,,,,,,,,683.8407024999999,776.25149765,784.69653491
PASS,F12_S08,a01,75213238,A,fixed_local,high,P3,<AUDIT_ROOT>/extracted_sessions/F12_S08/attempt_a01/A_high/raw/probe/P3/F12_S08_A_high_a01/event_ledger.jsonl,dc1d74ee50e1babf381190df9530b451fb3f7c0a7d1ec2be43a055e2d055a0b1,90,0,0,0,,0,0,,,,,,,,89.8956235,164.2472378,169.96921446
PASS,F12_S08,a01,75213238,B,fixed_summary,low,P1,<AUDIT_ROOT>/extracted_sessions/F12_S08/attempt_a01/B_low/raw/probe/P1/F12_S08_B_low_a01/event_ledger.jsonl,9ceecd90c359d1c71ce8581a5098d97ce14295d95fbbd3d0f9cf3883ef363ac6,90,0,0,0,,0,0,,,,,,,,1999.140591,2079.8307151999998,2083.69798933
PASS,F12_S08,a01,75213238,B,fixed_summary,low,P2,<AUDIT_ROOT>/extracted_sessions/F12_S08/attempt_a01/B_low/raw/probe/P2/F12_S08_B_low_a01/event_ledger.jsonl,39881b457ecbab0d80ce2fe14854107d96d7e1c13e50f006357b44ee506701cf,90,0,0,0,,0,0,,,,,,,,735.7937605,778.9352571000001,786.1259728699999
PASS,F12_S08,a01,75213238,B,fixed_summary,low,P3,<AUDIT_ROOT>/extracted_sessions/F12_S08/attempt_a01/B_low/raw/probe/P3/F12_S08_B_low_a01/event_ledger.jsonl,1c40e657e48f71eadf0509282b3af05a597f5f5785bb5935c456b7811a4e275e,90,0,0,0,,0,0,,,,,,,,88.01692299999999,158.36080375,164.46990966
PASS,F12_S08,a01,75213238,B,fixed_summary,mid,P1,<AUDIT_ROOT>/extracted_sessions/F12_S08/attempt_a01/B_mid/raw/probe/P1/F12_S08_B_mid_a01/event_ledger.jsonl,8821e41e7cc4295578edef43a02271afbfd7d43224b6a6b28028b33e5d0523ea,90,0,0,0,,0,0,,,,,,,,1992.5165975,2077.925494,2082.65361806
PASS,F12_S08,a01,75213238,B,fixed_summary,mid,P2,<AUDIT_ROOT>/extracted_sessions/F12_S08/attempt_a01/B_mid/raw/probe/P2/F12_S08_B_mid_a01/event_ledger.jsonl,f5d8f23ca42204667bb28c59e78d75249e2b0e0d0a067751d2898b4ea03eaaa0,90,0,0,0,,0,0,,,,,,,,745.7432985,848.4156663,854.25831047
PASS,F12_S08,a01,75213238,B,fixed_summary,mid,P3,<AUDIT_ROOT>/extracted_sessions/F12_S08/attempt_a01/B_mid/raw/probe/P3/F12_S08_B_mid_a01/event_ledger.jsonl,c4321abda8453a85de4e4b0b28d981cb96bbccea6059dc6322c5fd7682c08e3b,90,0,0,0,,0,0,,,,,,,,89.3451255,158.15228685,164.70928752999998
PASS,F12_S08,a01,75213238,B,fixed_summary,high,P1,<AUDIT_ROOT>/extracted_sessions/F12_S08/attempt_a01/B_high/raw/probe/P1/F12_S08_B_high_a01/event_ledger.jsonl,de98b78460da8a662fa474abe9dca3bf44672ab801841047a831edd224b9a971,90,0,0,0,,0,0,,,,,,,,2038.24948,2116.8359843499998,2119.5269308399997
PASS,F12_S08,a01,75213238,B,fixed_summary,high,P2,<AUDIT_ROOT>/extracted_sessions/F12_S08/attempt_a01/B_high/raw/probe/P2/F12_S08_B_high_a01/event_ledger.jsonl,392f8a324efa00b12a17ee7c670a4175dd2b2ca79c592bf7911d7e985bfcf8d1,90,0,0,0,,0,0,,,,,,,,750.93305,807.10307255,811.78690264
PASS,F12_S08,a01,75213238,B,fixed_summary,high,P3,<AUDIT_ROOT>/extracted_sessions/F12_S08/attempt_a01/B_high/raw/probe/P3/F12_S08_B_high_a01/event_ledger.jsonl,64331b4075b59b7e2a39b37a49f7e6e0f380edc86f6ac186efbb3f9afe4edc2a,90,0,0,0,,0,0,,,,,,,,87.3317525,161.15003430000002,167.83135517
PASS,F12_S08,a01,75213238,C,fixed_full,low,P1,<AUDIT_ROOT>/extracted_sessions/F12_S08/attempt_a01/C_low/raw/probe/P1/F12_S08_C_low_a01/event_ledger.jsonl,24bfd9f48a5fb2272bc5255ada24f6425070eb9a76a400752182d5bf8a3e6557,90,90,90,0,0.0,90,0,0.0,103038.825459,183329.76825149998,190423.42500053998,105197.1528255,185533.2053706,192629.42137482,2158.3273665,2203.4371191,2205.99637428
PASS,F12_S08,a01,75213238,C,fixed_full,low,P2,<AUDIT_ROOT>/extracted_sessions/F12_S08/attempt_a01/C_low/raw/probe/P2/F12_S08_C_low_a01/event_ledger.jsonl,9ced82c249783dc1811b94edc917e4cf545dc5a5d6cb4e6e21f9de5e0aac5a3e,90,90,90,0,0.0,90,0,0.0,103001.167507,183288.9331388,190394.84835671,103979.317436,184319.66959685,191429.03678847998,978.1499289999999,1030.73645805,1034.18843177
PASS,F12_S08,a01,75213238,C,fixed_full,low,P3,<AUDIT_ROOT>/extracted_sessions/F12_S08/attempt_a01/C_low/raw/probe/P3/F12_S08_C_low_a01/event_ledger.jsonl,8dd3ac9ec76373af3238a6bfa781a2e15ec68b40c31a0212fb426a30011ddc4c,90,90,90,0,0.0,90,0,0.0,102279.601294,182567.1288103,189668.72292251998,102354.7132955,182703.64290009998,189811.02648862998,75.11200149999999,136.5140898,142.30356611
PASS,F12_S08,a01,75213238,C,fixed_full,mid,P1,<AUDIT_ROOT>/extracted_sessions/F12_S08/attempt_a01/C_mid/raw/probe/P1/F12_S08_C_mid_a01/event_ledger.jsonl,fc9f437b31285d6816cfda2ef850c546cc6ae70eb6595921720e1390cd22e6ff,90,90,90,0,0.0,90,0,0.0,26949.434511,46934.1023828,48919.53101709,28906.342501,48975.751647,50964.03339104,1956.90799,2041.7571018,2044.2430590499998
PASS,F12_S08,a01,75213238,C,fixed_full,mid,P2,<AUDIT_ROOT>/extracted_sessions/F12_S08/attempt_a01/C_mid/raw/probe/P2/F12_S08_C_mid_a01/event_ledger.jsonl,49c1d64893f0e1c8340a13048cf4e97299c1075664b7f11f8321e1abbd2eaef0,90,90,90,0,0.0,90,0,0.0,26907.0560115,46901.5498474,48877.110655000004,27811.972457,47916.1885855,49897.12940551,904.9164455,1014.7474419,1018.49466249
PASS,F12_S08,a01,75213238,C,fixed_full,mid,P3,<AUDIT_ROOT>/extracted_sessions/F12_S08/attempt_a01/C_mid/raw/probe/P3/F12_S08_C_mid_a01/event_ledger.jsonl,f7c27064678da4c9db632fa350b91f0f86da2d6189db7e01cd06fc423c87a505,90,90,90,0,0.0,90,0,0.0,26267.4098835,46225.2894787,48214.61511733,26347.774176,46367.96356325,48363.28595123,80.3642925,142.78791645,147.5548801
PASS,F12_S08,a01,75213238,C,fixed_full,high,P1,<AUDIT_ROOT>/extracted_sessions/F12_S08/attempt_a01/C_high/raw/probe/P1/F12_S08_C_high_a01/event_ledger.jsonl,c4e0a688c3870b63255740d07b187ae058c41314c7fb70a4649f68bc0ff0a319,90,90,90,84,0.9333333333333333,90,0,0.0,902.248919,1015.3929038,1049.89183946,2993.0357114999997,3096.42807985,3128.60795091,2052.984828,2190.6682886,2193.1277313
PASS,F12_S08,a01,75213238,C,fixed_full,high,P2,<AUDIT_ROOT>/extracted_sessions/F12_S08/attempt_a01/C_high/raw/probe/P2/F12_S08_C_high_a01/event_ledger.jsonl,0de0055ad6fe8c86f2f7bca5e26a2b824390a34188b9af23336fc8e13333f1ea,90,90,90,86,0.9555555555555556,90,0,0.0,839.3756085,968.87770355,1074.65679762,1780.1376445,1880.80975515,1903.60320964,908.0377719999999,1033.08491795,1036.61041761
PASS,F12_S08,a01,75213238,C,fixed_full,high,P3,<AUDIT_ROOT>/extracted_sessions/F12_S08/attempt_a01/C_high/raw/probe/P3/F12_S08_C_high_a01/event_ledger.jsonl,4352ebf79c36795ec91d54281230952b6dde4d541a20be88c9102d0906ffb3de,90,90,90,90,1.0,90,90,1.0,268.60497,401.34565549999996,562.92559667,358.37296200000003,522.2886146499999,648.49090654,80.468153,141.98970665,146.78813945
PASS,F12_S08,a01,75213238,D,independent_dpp,low,P1,<AUDIT_ROOT>/extracted_sessions/F12_S08/attempt_a01/D_low/raw/probe/P1/F12_S08_D_low_a01/event_ledger.jsonl,9e4b2de6c957bf897ebde17fe8af5e57b604cde085fa31a63a191012dda75a2b,90,22,22,0,0.0,22,0,0.0,3916.3730845,3992.4546092,3995.7845235600003,5819.615609,5917.5612632,5927.23877174,1874.6569995,2010.17117365,2012.06396967
PASS,F12_S08,a01,75213238,D,independent_dpp,low,P2,<AUDIT_ROOT>/extracted_sessions/F12_S08/attempt_a01/D_low/raw/probe/P2/F12_S08_D_low_a01/event_ledger.jsonl,a76f210b4938ec231bfd5fc81d829cd32f83f1d89ee47a3600cecf1830e7f157,90,22,22,0,0.0,22,0,0.0,3862.2429,3934.10481265,3938.3110773099997,4653.129557,4760.0618506,4770.04269599,773.6403495,889.6280329,892.94335465
PASS,F12_S08,a01,75213238,D,independent_dpp,low,P3,<AUDIT_ROOT>/extracted_sessions/F12_S08/attempt_a01/D_low/raw/probe/P3/F12_S08_D_low_a01/event_ledger.jsonl,1c3bc40c3389639892d8d91de4efba711929aea29d524cee5cd0d5b4bd51809b,90,22,22,0,0.0,22,0,0.0,3139.2147885,3197.51301015,3212.61351925,3236.093704,3330.2006216,3336.47631935,82.7909755,150.6416214,158.28841878
PASS,F12_S08,a01,75213238,D,independent_dpp,mid,P1,<AUDIT_ROOT>/extracted_sessions/F12_S08/attempt_a01/D_mid/raw/probe/P1/F12_S08_D_mid_a01/event_ledger.jsonl,d02d637d3462600c20c346dbc82ebabba91e5fc0a7bd2321821f161d3a3139ea,90,45,45,0,0.0,45,0,0.0,1958.610061,1979.3246704,1993.47050944,3818.245128,3879.0873164,3885.88515456,1854.824237,1911.45993015,1913.64922447
PASS,F12_S08,a01,75213238,D,independent_dpp,mid,P2,<AUDIT_ROOT>/extracted_sessions/F12_S08/attempt_a01/D_mid/raw/probe/P2/F12_S08_D_mid_a01/event_ledger.jsonl,d100cce4b99e921147dc4b746e32631c07bf7e3d3ada71b5d05b5bac3966be10,90,45,45,0,0.0,45,0,0.0,1911.367549,1928.5320006,1943.3189334400001,2574.335683,2634.6605286,2642.21557384,664.3298199999999,721.61445215,724.32045198
PASS,F12_S08,a01,75213238,D,independent_dpp,mid,P3,<AUDIT_ROOT>/extracted_sessions/F12_S08/attempt_a01/D_mid/raw/probe/P3/F12_S08_D_mid_a01/event_ledger.jsonl,a9646a4180f33bfe6f0536fc480b84b56186dd85ca3a059edbae51c0cb978f7f,90,45,45,0,0.0,45,0,0.0,1138.522419,1157.1833668,1348.4926564000002,1217.010402,1286.3135124,1435.7185716800002,78.24777,140.7983467,145.70823938
PASS,F12_S08,a01,75213238,D,independent_dpp,high,P1,<AUDIT_ROOT>/extracted_sessions/F12_S08/attempt_a01/D_high/raw/probe/P1/F12_S08_D_high_a01/event_ledger.jsonl,94a7eb1db361d8011208426b84a2380e391d2d61050b6aab4a7069a4e0dd5889,90,90,90,83,0.9222222222222223,90,0,0.0,931.536812,1011.7699135,1036.15341641,3096.3594885,3193.1022728999997,3223.6311159300003,2146.8690595,2229.5858361,2231.41696223
PASS,F12_S08,a01,75213238,D,independent_dpp,high,P2,<AUDIT_ROOT>/extracted_sessions/F12_S08/attempt_a01/D_high/raw/probe/P2/F12_S08_D_high_a01/event_ledger.jsonl,78a7df57c3ef98a6cf7f047f5fafc3b5408830c92c7b0e052ab5efd3ea7fde6f,90,90,90,84,0.9333333333333333,90,0,0.0,886.401627,1013.28440735,1033.5189086399998,1889.136003,2016.83503365,2065.40543143,995.2615875,1104.8069798,1107.4032054
PASS,F12_S08,a01,75213238,D,independent_dpp,high,P3,<AUDIT_ROOT>/extracted_sessions/F12_S08/attempt_a01/D_high/raw/probe/P3/F12_S08_D_high_a01/event_ledger.jsonl,633fb1ad03df66b9eba3a8f62dc86be28150469a52cc7af43051962d7351f93d,90,90,90,90,1.0,90,90,1.0,279.01187649999997,366.68069965,389.79719854999996,356.146195,462.96909999999997,505.22372299,75.305583,141.221993,146.04432459
PASS,F12_S08,a01,75213238,E,central_dpp,low,P1,<AUDIT_ROOT>/extracted_sessions/F12_S08/attempt_a01/E_low/raw/probe/P1/F12_S08_E_low_a01/event_ledger.jsonl,3b6cb18f67802ae91834c0e3cae198c52c1ca5373b388fcda7d6e13997a1db44,90,0,0,0,,0,0,,,,,,,,2023.5211009999998,2362.2144217,2365.60670733
PASS,F12_S08,a01,75213238,E,central_dpp,low,P2,<AUDIT_ROOT>/extracted_sessions/F12_S08/attempt_a01/E_low/raw/probe/P2/F12_S08_E_low_a01/event_ledger.jsonl,40582ab9605dbb5eca50476dfc0608f9afe948daeb9b5eba4a548b2df82872f3,90,0,0,0,,0,0,,,,,,,,750.572302,1083.6574166999999,1087.08757454
PASS,F12_S08,a01,75213238,E,central_dpp,low,P3,<AUDIT_ROOT>/extracted_sessions/F12_S08/attempt_a01/E_low/raw/probe/P3/F12_S08_E_low_a01/event_ledger.jsonl,1d819cc380777fad1b35594991021fd464bfb6b5d5be06ee6b0916f6bffb6168,90,0,0,0,,0,0,,,,,,,,83.023597,154.27809159999998,161.57657712
PASS,F12_S08,a01,75213238,E,central_dpp,mid,P1,<AUDIT_ROOT>/extracted_sessions/F12_S08/attempt_a01/E_mid/raw/probe/P1/F12_S08_E_mid_a01/event_ledger.jsonl,b24111e99e8a68a8aa235242caa457d8b0998fd7bf95739ff31b37a2973c31f5,90,30,30,29,0.9666666666666667,30,0,0.0,899.8324255,996.7875882,1087.666717,2943.653651,3011.08359065,3037.2412108900003,2057.4016835,2105.03165215,2107.19910669
PASS,F12_S08,a01,75213238,E,central_dpp,mid,P2,<AUDIT_ROOT>/extracted_sessions/F12_S08/attempt_a01/E_mid/raw/probe/P2/F12_S08_E_mid_a01/event_ledger.jsonl,8ab408d17e23001771ebf05c4a1fea6d137da352de9c7d0c896b9516f741168d,90,30,30,20,0.6666666666666666,30,0,0.0,965.466921,1013.400566,1015.3187872,1747.6296935,1841.8689569,1854.37509299,784.2101345,856.13931895,858.2045812900001
PASS,F12_S08,a01,75213238,E,central_dpp,mid,P3,<AUDIT_ROOT>/extracted_sessions/F12_S08/attempt_a01/E_mid/raw/probe/P3/F12_S08_E_mid_a01/event_ledger.jsonl,47755f88904f6b8543326d728824390e14b0be62cd6e993e4f9a9dd658c97f97,90,30,30,30,1.0,30,30,1.0,269.998253,306.12314535,321.65223371,346.19125699999995,421.02850589999997,423.69089384,79.26233500000001,145.99810424999998,152.35324264
PASS,F12_S08,a01,75213238,E,central_dpp,high,P1,<AUDIT_ROOT>/extracted_sessions/F12_S08/attempt_a01/E_high/raw/probe/P1/F12_S08_E_high_a01/event_ledger.jsonl,ba3b3ef3cce2dd182c146cbbd275eb319af205a3e79844a56a5e9ea4c55d3ef6,90,90,90,83,0.9222222222222223,90,0,0.0,900.0092755000001,1006.5809845499999,1022.43068105,2972.69735,3075.52839535,3087.92877823,2048.74319,2112.0169464,2115.0065773799997
PASS,F12_S08,a01,75213238,E,central_dpp,high,P2,<AUDIT_ROOT>/extracted_sessions/F12_S08/attempt_a01/E_high/raw/probe/P2/F12_S08_E_high_a01/event_ledger.jsonl,254ac44085aa40d57d61239d88087d9498604f95acd6c95292cf60d3a748fb0f,90,90,90,86,0.9555555555555556,90,0,0.0,867.4297195,980.86039555,1050.0240879,1674.651312,1783.085767,1815.92125137,814.6532669999999,873.5655282499999,877.0414612100001
PASS,F12_S08,a01,75213238,E,central_dpp,high,P3,<AUDIT_ROOT>/extracted_sessions/F12_S08/attempt_a01/E_high/raw/probe/P3/F12_S08_E_high_a01/event_ledger.jsonl,894e72763834f55fd525142b1660ef0b362f33ac1afd9ed62bb782ffb81b6e34,90,90,90,90,1.0,90,90,1.0,273.32285,374.2374999,519.0417299599999,356.35562949999996,477.0467029999999,608.5455627099999,80.4224825,143.06288874999998,148.81802133
PASS,F12_S08,a01,75213238,F,shielded_dpp,low,P1,<AUDIT_ROOT>/extracted_sessions/F12_S08/attempt_a01/F_low/raw/probe/P1/F12_S08_F_low_a01/event_ledger.jsonl,608f49f2ff9b892baa4504e7fb2d3fed5c480f74a1b977e235ec85e9f45ef04a,90,0,0,0,,0,0,,,,,,,,1979.3785165,2072.8585814000003,2075.3195941699996
PASS,F12_S08,a01,75213238,F,shielded_dpp,low,P2,<AUDIT_ROOT>/extracted_sessions/F12_S08/attempt_a01/F_low/raw/probe/P2/F12_S08_F_low_a01/event_ledger.jsonl,23dd8597a61666185745c539eead40026377482c286288b309ec18fad10ed2c6,90,0,0,0,,0,0,,,,,,,,746.3692094999999,815.6172437500001,819.03648029
PASS,F12_S08,a01,75213238,F,shielded_dpp,low,P3,<AUDIT_ROOT>/extracted_sessions/F12_S08/attempt_a01/F_low/raw/probe/P3/F12_S08_F_low_a01/event_ledger.jsonl,d44af2f28ab928121d7bf6530f9d956990cd48b7b37eb166ec44a6d35803cc93,90,0,0,0,,0,0,,,,,,,,87.237281,154.61213875,160.69214884
PASS,F12_S08,a01,75213238,F,shielded_dpp,mid,P1,<AUDIT_ROOT>/extracted_sessions/F12_S08/attempt_a01/F_mid/raw/probe/P1/F12_S08_F_mid_a01/event_ledger.jsonl,004eaaa6e90fd6963a0a89cb693d8a50b36a17a5cbdbe3a8fc5c3dd836c07ab8,90,30,30,22,0.7333333333333333,30,0,0.0,994.6883399999999,1014.8231946000001,1029.5429159300002,2891.797586,2962.43329735,2966.1733790499998,1895.421006,1977.7996818499998,1980.22224069
PASS,F12_S08,a01,75213238,F,shielded_dpp,mid,P2,<AUDIT_ROOT>/extracted_sessions/F12_S08/attempt_a01/F_mid/raw/probe/P2/F12_S08_F_mid_a01/event_ledger.jsonl,93e4c41cea596c3da8230eb64c453723f204e9ea0ab93eafb269bdbe2b1bc1c9,90,30,30,21,0.7,30,0,0.0,967.2592050000001,1018.8942092999999,1024.33391683,1716.110259,1817.2532425,1822.95182382,754.873079,834.35204875,837.36032673
PASS,F12_S08,a01,75213238,F,shielded_dpp,mid,P3,<AUDIT_ROOT>/extracted_sessions/F12_S08/attempt_a01/F_mid/raw/probe/P3/F12_S08_F_mid_a01/event_ledger.jsonl,b8b4d82525e1a7a5329ecfd997f5f352a1b72ff72fd58348a2b8bd7f02310e42,90,30,30,30,1.0,30,30,1.0,268.837258,295.4199892,321.80953788000005,344.2776565,426.7390691,437.97698021,84.425765,149.08436465,155.57398816
PASS,F12_S08,a01,75213238,F,shielded_dpp,high,P1,<AUDIT_ROOT>/extracted_sessions/F12_S08/attempt_a01/F_high/raw/probe/P1/F12_S08_F_high_a01/event_ledger.jsonl,5672a01bb15cd14d637f3b992085e268816ca9f664975013567332c360bba15c,90,90,90,86,0.9555555555555556,90,0,0.0,925.7452765,996.29079095,1037.1185571,3002.5117425,3092.21778525,3122.5348936299997,2070.231013,2145.6747315000002,2150.37289895
PASS,F12_S08,a01,75213238,F,shielded_dpp,high,P2,<AUDIT_ROOT>/extracted_sessions/F12_S08/attempt_a01/F_high/raw/probe/P2/F12_S08_F_high_a01/event_ledger.jsonl,0aad3501e24954c43dfb886b0c11d3f6652a6bc361232f0505f366d72787db43,90,90,90,86,0.9555555555555556,90,0,0.0,885.7718165,990.1365562999999,1046.94939264,1823.909239,1932.15246935,1960.196667,946.2881185,1008.8584304999999,1011.67099951
PASS,F12_S08,a01,75213238,F,shielded_dpp,high,P3,<AUDIT_ROOT>/extracted_sessions/F12_S08/attempt_a01/F_high/raw/probe/P3/F12_S08_F_high_a01/event_ledger.jsonl,9294f3664da6307cfc5683a138f1e61938e0f74c83ce2f7183a0ffc26a4e14ae,90,90,90,90,1.0,90,90,1.0,276.352123,379.61360505,422.01221467999994,359.8225095,461.56300295,509.25816093,72.2052435,135.7212339,140.70542598
PASS,F12_S09,a01,1848007487,A,fixed_local,low,P1,<AUDIT_ROOT>/extracted_sessions/F12_S09/attempt_a01/A_low/raw/probe/P1/F12_S09_A_low_a01/event_ledger.jsonl,4f04caf9b5e648e16d3b1a5d20732c4ba89e97b54403eee82547df913403e45f,90,0,0,0,,0,0,,,,,,,,2062.177716,2148.9035261,2153.05053342
PASS,F12_S09,a01,1848007487,A,fixed_local,low,P2,<AUDIT_ROOT>/extracted_sessions/F12_S09/attempt_a01/A_low/raw/probe/P2/F12_S09_A_low_a01/event_ledger.jsonl,e3b503ff4289e8454e473a61bfb2acd1a1a4cfc7619a02f31fd3629c295e03cc,90,0,0,0,,0,0,,,,,,,,835.268251,908.63963135,912.88045368
PASS,F12_S09,a01,1848007487,A,fixed_local,low,P3,<AUDIT_ROOT>/extracted_sessions/F12_S09/attempt_a01/A_low/raw/probe/P3/F12_S09_A_low_a01/event_ledger.jsonl,eb43926b06cf2618850aa37b793b98bd7544e6a8216d6ebddec92faba0deb3b9,90,0,0,0,,0,0,,,,,,,,91.784724,166.4956106,174.50762066000001
PASS,F12_S09,a01,1848007487,A,fixed_local,mid,P1,<AUDIT_ROOT>/extracted_sessions/F12_S09/attempt_a01/A_mid/raw/probe/P1/F12_S09_A_mid_a01/event_ledger.jsonl,2407d7156af912876c85aa762cd23692b510b5d359b3a9b4a1d18fbb667998bc,90,0,0,0,,0,0,,,,,,,,2017.5549270000001,2068.9016346500002,2073.1054540100004
PASS,F12_S09,a01,1848007487,A,fixed_local,mid,P2,<AUDIT_ROOT>/extracted_sessions/F12_S09/attempt_a01/A_mid/raw/probe/P2/F12_S09_A_mid_a01/event_ledger.jsonl,5173ec38bc2c600a9f4384378d76c333c1c7dc5567880916a03c40f543879ff8,90,0,0,0,,0,0,,,,,,,,734.4424839999999,788.0163817,793.16614346
PASS,F12_S09,a01,1848007487,A,fixed_local,mid,P3,<AUDIT_ROOT>/extracted_sessions/F12_S09/attempt_a01/A_mid/raw/probe/P3/F12_S09_A_mid_a01/event_ledger.jsonl,77be82ab16c386228a7e5f58133472eedffeae9f36eab13d12cb2c80073593fa,90,0,0,0,,0,0,,,,,,,,84.321136,154.24914769999998,160.45255091
PASS,F12_S09,a01,1848007487,A,fixed_local,high,P1,<AUDIT_ROOT>/extracted_sessions/F12_S09/attempt_a01/A_high/raw/probe/P1/F12_S09_A_high_a01/event_ledger.jsonl,566d263549fc303a1e0a1ee7c720013348678883e998c62646924ab5b0aa96ff,90,0,0,0,,0,0,,,,,,,,2105.407438,2162.5991616,2166.2295679599997
PASS,F12_S09,a01,1848007487,A,fixed_local,high,P2,<AUDIT_ROOT>/extracted_sessions/F12_S09/attempt_a01/A_high/raw/probe/P2/F12_S09_A_high_a01/event_ledger.jsonl,159a4150528d19570d653bdee9a63f41f7e8e94a5d8b6a01964047454f1c92da,90,0,0,0,,0,0,,,,,,,,862.6876064999999,933.528711,937.05827212
PASS,F12_S09,a01,1848007487,A,fixed_local,high,P3,<AUDIT_ROOT>/extracted_sessions/F12_S09/attempt_a01/A_high/raw/probe/P3/F12_S09_A_high_a01/event_ledger.jsonl,65137da527cc315c8b46382434e24cf8a3aa5bd2dab79ccdc66a5e0273936bbb,90,0,0,0,,0,0,,,,,,,,90.62349599999999,162.08563619999998,167.6831974
PASS,F12_S09,a01,1848007487,B,fixed_summary,low,P1,<AUDIT_ROOT>/extracted_sessions/F12_S09/attempt_a01/B_low/raw/probe/P1/F12_S09_B_low_a01/event_ledger.jsonl,40592eae3c0832373236a1920c73ebac0836fc36b716bbaf864ba23e36f96b34,90,0,0,0,,0,0,,,,,,,,2035.5810350000002,2133.643819,2137.09099677
PASS,F12_S09,a01,1848007487,B,fixed_summary,low,P2,<AUDIT_ROOT>/extracted_sessions/F12_S09/attempt_a01/B_low/raw/probe/P2/F12_S09_B_low_a01/event_ledger.jsonl,1bb77b7f5c6d9654b859f25a72985643d8cba3aae4dd8be39c2f248f7b73b5b3,90,0,0,0,,0,0,,,,,,,,740.922923,828.5254108500001,832.84175697
PASS,F12_S09,a01,1848007487,B,fixed_summary,low,P3,<AUDIT_ROOT>/extracted_sessions/F12_S09/attempt_a01/B_low/raw/probe/P3/F12_S09_B_low_a01/event_ledger.jsonl,0d10bf561238b89a52e4f42cb23b73873bddf82301fc3e6ae227ea90155fafc9,90,0,0,0,,0,0,,,,,,,,91.3692485,166.4080075,172.15480361000002
PASS,F12_S09,a01,1848007487,B,fixed_summary,mid,P1,<AUDIT_ROOT>/extracted_sessions/F12_S09/attempt_a01/B_mid/raw/probe/P1/F12_S09_B_mid_a01/event_ledger.jsonl,6d052a38468a725b86145cc31a904827564474652d68806adb5d53df829d323c,90,0,0,0,,0,0,,,,,,,,2067.8722660000003,2206.9991971,2209.69930552
PASS,F12_S09,a01,1848007487,B,fixed_summary,mid,P2,<AUDIT_ROOT>/extracted_sessions/F12_S09/attempt_a01/B_mid/raw/probe/P2/F12_S09_B_mid_a01/event_ledger.jsonl,9b0b72df9bdeb2293ae99d92a3d2b77342809029e4a9025c47bb593ea744148b,90,0,0,0,,0,0,,,,,,,,731.4692615,865.4468651,868.9593018200001
PASS,F12_S09,a01,1848007487,B,fixed_summary,mid,P3,<AUDIT_ROOT>/extracted_sessions/F12_S09/attempt_a01/B_mid/raw/probe/P3/F12_S09_B_mid_a01/event_ledger.jsonl,108dde2a1ec6854d2cc7d06b68831a91e7bb575375c56d90587d994971c64765,90,0,0,0,,0,0,,,,,,,,89.89021249999999,163.70528935,169.83780105
PASS,F12_S09,a01,1848007487,B,fixed_summary,high,P1,<AUDIT_ROOT>/extracted_sessions/F12_S09/attempt_a01/B_high/raw/probe/P1/F12_S09_B_high_a01/event_ledger.jsonl,a2ad4878fbab41992f07e116dbe80bd4d56fef035e027776ea007b18eaf54be6,90,0,0,0,,0,0,,,,,,,,1931.6737085,2076.7754938,2079.3825435900003
PASS,F12_S09,a01,1848007487,B,fixed_summary,high,P2,<AUDIT_ROOT>/extracted_sessions/F12_S09/attempt_a01/B_high/raw/probe/P2/F12_S09_B_high_a01/event_ledger.jsonl,cb36d6a684bd004ccc681ac2359cf8088f944eb3cc2ab30721c8b7f3d6899757,90,0,0,0,,0,0,,,,,,,,656.2963035,775.39387385,778.75221918
PASS,F12_S09,a01,1848007487,B,fixed_summary,high,P3,<AUDIT_ROOT>/extracted_sessions/F12_S09/attempt_a01/B_high/raw/probe/P3/F12_S09_B_high_a01/event_ledger.jsonl,b1e39531ba8e6f4c54e329bb3cb33c11d12aa872df08f40f9a45cd1bf4b80401,90,0,0,0,,0,0,,,,,,,,84.6854515,152.838347,158.73417151
PASS,F12_S09,a01,1848007487,C,fixed_full,low,P1,<AUDIT_ROOT>/extracted_sessions/F12_S09/attempt_a01/C_low/raw/probe/P1/F12_S09_C_low_a01/event_ledger.jsonl,857d1557eda7767dd24f750ffef1344ced2267ef0dc082016555ff21b7d100ee,90,90,90,0,0.0,90,0,0.0,103045.870272,183319.60362365,190434.58586316,105104.6721485,185436.85591569997,192558.98978111,2058.8018765,2117.25229205,2124.40391795
PASS,F12_S09,a01,1848007487,C,fixed_full,low,P2,<AUDIT_ROOT>/extracted_sessions/F12_S09/attempt_a01/C_low/raw/probe/P2/F12_S09_C_low_a01/event_ledger.jsonl,786163a481cb70e2db5d8dc67238800ee91740284e8f8b2cc0fb147799b364a5,90,90,90,0,0.0,90,0,0.0,103055.29962800001,183297.15202145,190429.62399226998,103811.9663085,184132.61075295,191272.60697259,756.6666805,835.4587315,842.98298032
PASS,F12_S09,a01,1848007487,C,fixed_full,low,P3,<AUDIT_ROOT>/extracted_sessions/F12_S09/attempt_a01/C_low/raw/probe/P3/F12_S09_C_low_a01/event_ledger.jsonl,049a70a235d314cce9490bb46ac8a9f8b5f8122c1b853cecf2cfcbe2fd34e3c2,90,90,90,0,0.0,90,0,0.0,102296.8096275,182556.69656785,189682.29962278,102374.0213025,182697.9102818,189830.62169216998,77.211675,141.21371395,148.32206939
PASS,F12_S09,a01,1848007487,C,fixed_full,mid,P1,<AUDIT_ROOT>/extracted_sessions/F12_S09/attempt_a01/C_mid/raw/probe/P1/F12_S09_C_mid_a01/event_ledger.jsonl,6bb25e8ff719c4124948374d83bb9ec45e215fba97f865fa5d57bc83a50c5361,90,90,90,0,0.0,90,0,0.0,26984.4746745,46945.75814405,48945.753847780004,28989.751959,49008.2434284,51035.376506040004,2005.2772845,2062.48528435,2089.62265826
PASS,F12_S09,a01,1848007487,C,fixed_full,mid,P2,<AUDIT_ROOT>/extracted_sessions/F12_S09/attempt_a01/C_mid/raw/probe/P2/F12_S09_C_mid_a01/event_ledger.jsonl,444f311f6d6a4fc8decd52a1afc58dbd2cc7d39e93397f82e78733374f37718f,90,90,90,0,0.0,90,0,0.0,26915.2943795,46902.57156165,48928.9555896,27793.0690125,47834.370036,49864.64116336,877.774633,931.79847435,935.32756624
PASS,F12_S09,a01,1848007487,C,fixed_full,mid,P3,<AUDIT_ROOT>/extracted_sessions/F12_S09/attempt_a01/C_mid/raw/probe/P3/F12_S09_C_mid_a01/event_ledger.jsonl,361d138afa2d2dd7e386edfb772f3ea048e81f9fe94354d0f1c587e2b44043ac,90,90,90,0,0.0,90,0,0.0,26343.750698000003,46225.956037899996,48232.88217762,26421.673243999998,46362.6743043,48376.16105001,77.92254600000001,136.7182664,142.66193061
PASS,F12_S09,a01,1848007487,C,fixed_full,high,P1,<AUDIT_ROOT>/extracted_sessions/F12_S09/attempt_a01/C_high/raw/probe/P1/F12_S09_C_high_a01/event_ledger.jsonl,22c9b7b981b8b2b46ceac5d7669a48ebd397915ba8cb9464a95cb5070b9f81cf,90,90,90,82,0.9111111111111111,90,0,0.0,923.0149285,1009.3200342,1024.07679719,2979.548785,3064.5075874999998,3095.41597173,2041.1700259999998,2101.27771305,2106.6406050600003
PASS,F12_S09,a01,1848007487,C,fixed_full,high,P2,<AUDIT_ROOT>/extracted_sessions/F12_S09/attempt_a01/C_high/raw/probe/P2/F12_S09_C_high_a01/event_ledger.jsonl,0e5fab0da542d7b2bc705a5a0b63088214858b04029ca7c3524745ea21ca5c19,90,90,90,86,0.9555555555555556,90,0,0.0,878.158595,990.246914,1035.0564515800002,1677.080923,1798.0945818,1842.28834645,795.468781,870.5320542000001,874.4869270400001
PASS,F12_S09,a01,1848007487,C,fixed_full,high,P3,<AUDIT_ROOT>/extracted_sessions/F12_S09/attempt_a01/C_high/raw/probe/P3/F12_S09_C_high_a01/event_ledger.jsonl,2eee40874814c0d588223e89a222f61430845d8ebc7227e8008a610195b01691,90,90,90,90,1.0,90,90,1.0,270.480703,360.43774145,385.97895041,353.30679699999996,448.059826,489.76350033999995,77.1007785,141.8130037,147.01269635
PASS,F12_S09,a01,1848007487,D,independent_dpp,low,P1,<AUDIT_ROOT>/extracted_sessions/F12_S09/attempt_a01/D_low/raw/probe/P1/F12_S09_D_low_a01/event_ledger.jsonl,d0c888c7ecf18645f18ae4d9caf799ac3e526f84686991c0bead29c5ed8ff9ec,90,22,22,0,0.0,22,0,0.0,3891.4356085,3986.03302415,3987.23829702,5950.7831289999995,6065.7399144,6072.244223510001,2044.8381319999999,2140.41647695,2142.81974262
PASS,F12_S09,a01,1848007487,D,independent_dpp,low,P2,<AUDIT_ROOT>/extracted_sessions/F12_S09/attempt_a01/D_low/raw/probe/P2/F12_S09_D_low_a01/event_ledger.jsonl,10c9163c3a592a33f86b4216441fef57703b40593d871a4c62aac7ae2fdaa3a9,90,22,22,0,0.0,22,0,0.0,3865.0046389999998,3944.6099880499996,3959.37048513,4738.849648,4859.6671546,4860.67926274,886.423094,937.72882375,959.93836302
PASS,F12_S09,a01,1848007487,D,independent_dpp,low,P3,<AUDIT_ROOT>/extracted_sessions/F12_S09/attempt_a01/D_low/raw/probe/P3/F12_S09_D_low_a01/event_ledger.jsonl,4f6c6531fd4c4eef6e11887351004c1240147398cfd68de136ed691c650f1730,90,22,22,0,0.0,22,0,0.0,3148.8280215,3223.1195371,3250.99719438,3240.1408069999998,3348.2700876,3367.8417711399998,85.2249805,148.7812099,157.81918571
PASS,F12_S09,a01,1848007487,D,independent_dpp,mid,P1,<AUDIT_ROOT>/extracted_sessions/F12_S09/attempt_a01/D_mid/raw/probe/P1/F12_S09_D_mid_a01/event_ledger.jsonl,339844195c6d677bde267da066ad1a4108e705148f97936e714b7e6fa60d1b38,90,45,45,0,0.0,45,0,0.0,1840.133515,1925.4683736,1930.9951452,3982.139388,4074.1032208,4104.2375684,2162.976455,2195.9398315,2197.59418279
PASS,F12_S09,a01,1848007487,D,independent_dpp,mid,P2,<AUDIT_ROOT>/extracted_sessions/F12_S09/attempt_a01/D_mid/raw/probe/P2/F12_S09_D_mid_a01/event_ledger.jsonl,766596820896f4c20ee10649e9c4135d4cba990b6d14ed06566b9ec455057a08,90,45,45,0,0.0,45,0,0.0,1779.814689,1884.8627082,1916.2908675200001,2758.510863,2858.3966316,2892.0974468000004,1015.8693825,1045.1461289,1065.15070679
PASS,F12_S09,a01,1848007487,D,independent_dpp,mid,P3,<AUDIT_ROOT>/extracted_sessions/F12_S09/attempt_a01/D_mid/raw/probe/P3/F12_S09_D_mid_a01/event_ledger.jsonl,127c2a3a3430c590ad72e38f374c8a4705ab6116bb48f5b79de6d8a9b3920c3d,90,45,45,0,0.0,45,0,0.0,1142.497564,1234.0410345999999,1389.0868198000005,1238.528887,1331.3934794,1466.6628740800004,78.8852015,140.4680302,145.33067048
PASS,F12_S09,a01,1848007487,D,independent_dpp,high,P1,<AUDIT_ROOT>/extracted_sessions/F12_S09/attempt_a01/D_high/raw/probe/P1/F12_S09_D_high_a01/event_ledger.jsonl,a3a05e51259da0722585104e9e238a951a2d0355777b26ed85d3b423d8bfe5f7,90,90,90,84,0.9333333333333333,90,0,0.0,898.236407,1004.702564,1029.88761361,3012.545547,3106.64241035,3145.17222743,2125.4761035,2172.7039973,2174.94782037
PASS,F12_S09,a01,1848007487,D,independent_dpp,high,P2,<AUDIT_ROOT>/extracted_sessions/F12_S09/attempt_a01/D_high/raw/probe/P2/F12_S09_D_high_a01/event_ledger.jsonl,f8de1407f7320aae7f5fc8123ab875a2abd245b561d9173231fc15d0e00b7156,90,90,90,84,0.9333333333333333,90,0,0.0,861.0206485,1012.5758878,1049.69625362,1724.5487054999999,1838.7071966,1882.10640526,851.1947729999999,955.21773955,959.46997648
PASS,F12_S09,a01,1848007487,D,independent_dpp,high,P3,<AUDIT_ROOT>/extracted_sessions/F12_S09/attempt_a01/D_high/raw/probe/P3/F12_S09_D_high_a01/event_ledger.jsonl,772843c8da24bfc73e3edeb4061204af7b54eb17ffb695545b7f4bea1abe7b5f,90,90,90,90,1.0,90,90,1.0,275.997951,400.05652895,513.40272365,362.229967,498.2132529,562.8321319099999,74.2407635,134.97089955,139.50868359
PASS,F12_S09,a01,1848007487,E,central_dpp,low,P1,<AUDIT_ROOT>/extracted_sessions/F12_S09/attempt_a01/E_low/raw/probe/P1/F12_S09_E_low_a01/event_ledger.jsonl,9dc9be9f6d52e2d3ef3fdae234d88f4d613121427d63ee257b5fb84cb707b427,90,0,0,0,,0,0,,,,,,,,1974.5804795,2062.7057995,2073.2236288000004
PASS,F12_S09,a01,1848007487,E,central_dpp,low,P2,<AUDIT_ROOT>/extracted_sessions/F12_S09/attempt_a01/E_low/raw/probe/P2/F12_S09_E_low_a01/event_ledger.jsonl,4acb8492c2100b910741dd4b768a41f1474818c47fb0b3b45500d8be29a693c4,90,0,0,0,,0,0,,,,,,,,700.8037644999999,778.4309703499999,783.66036992
PASS,F12_S09,a01,1848007487,E,central_dpp,low,P3,<AUDIT_ROOT>/extracted_sessions/F12_S09/attempt_a01/E_low/raw/probe/P3/F12_S09_E_low_a01/event_ledger.jsonl,b8835393b232c0d94f6e46e65bb5fd8ba573dcc75727415de8dc8f3388fc4ded,90,0,0,0,,0,0,,,,,,,,88.614866,160.7655506,166.01214993
PASS,F12_S09,a01,1848007487,E,central_dpp,mid,P1,<AUDIT_ROOT>/extracted_sessions/F12_S09/attempt_a01/E_mid/raw/probe/P1/F12_S09_E_mid_a01/event_ledger.jsonl,b80a2a0335902161c502e0ac1888ed9c9a7ed56dab30fa9df7d610f5ee1ddf14,90,30,30,27,0.9,30,0,0.0,963.09894,1002.8722802999999,1059.83861896,3017.3046475,3116.31099215,3128.70123329,2105.6182545,2140.70764315,2143.51499633
PASS,F12_S09,a01,1848007487,E,central_dpp,mid,P2,<AUDIT_ROOT>/extracted_sessions/F12_S09/attempt_a01/E_mid/raw/probe/P2/F12_S09_E_mid_a01/event_ledger.jsonl,1efcdbed5a70e59774565bb3c2c47533187159ebf37dfc04109cebccd7f6fe47,90,30,30,23,0.7666666666666667,30,0,0.0,935.3707999999999,1020.8525923,1078.20368491,1857.0647439999998,1988.0000689,2009.34568888,957.148304,996.1723849,1018.10662483
PASS,F12_S09,a01,1848007487,E,central_dpp,mid,P3,<AUDIT_ROOT>/extracted_sessions/F12_S09/attempt_a01/E_mid/raw/probe/P3/F12_S09_E_mid_a01/event_ledger.jsonl,bc75402eb9c4ace3a9308061df1bf70f59260ee4e9b6cae5abbd6fc8e70c605b,90,30,30,30,1.0,30,30,1.0,280.200045,380.20686435,381.55013691,379.793825,477.333012,512.66770248,85.854179,153.3519466,158.50657917
PASS,F12_S09,a01,1848007487,E,central_dpp,high,P1,<AUDIT_ROOT>/extracted_sessions/F12_S09/attempt_a01/E_high/raw/probe/P1/F12_S09_E_high_a01/event_ledger.jsonl,62cfee37d6464fc1f7a650843ffab309ae8fa70415d6049680cd8c2a57235705,90,90,90,86,0.9555555555555556,90,0,0.0,590.511486,990.56708885,1145.49182946,2909.6268005,3070.7666381,3290.69457694,2328.6619634999997,2368.8355880999998,2373.5631199900004
PASS,F12_S09,a01,1848007487,E,central_dpp,high,P2,<AUDIT_ROOT>/extracted_sessions/F12_S09/attempt_a01/E_high/raw/probe/P2/F12_S09_E_high_a01/event_ledger.jsonl,8d8d12b3181a3d6d7b94eb3bc2ef440fac4d7a9a283089927773ceea13b3ad98,90,90,90,88,0.9777777777777777,90,0,0.0,668.0892255,908.0878212499999,1100.2544915899998,1652.0702565000001,1836.8382278,1909.56854074,997.0766470000001,1036.56891715,1039.7978354
PASS,F12_S09,a01,1848007487,E,central_dpp,high,P3,<AUDIT_ROOT>/extracted_sessions/F12_S09/attempt_a01/E_high/raw/probe/P3/F12_S09_E_high_a01/event_ledger.jsonl,20ae69c040518de46a4291b429796e9277472d46a992c1aaf17d4a53260b2e85,90,90,90,90,1.0,90,90,1.0,269.9273765,435.60375919999996,555.99555765,349.45088350000003,477.7650967,584.367094,68.1219285,135.12634405,142.11458703
PASS,F12_S09,a01,1848007487,F,shielded_dpp,low,P1,<AUDIT_ROOT>/extracted_sessions/F12_S09/attempt_a01/F_low/raw/probe/P1/F12_S09_F_low_a01/event_ledger.jsonl,96d16ff910598563d71c5ba07ffb421619772bfa8eda9e2e3688d0b90da9616a,90,0,0,0,,0,0,,,,,,,,1968.5420675,2040.6391485499998,2046.1736387899998
PASS,F12_S09,a01,1848007487,F,shielded_dpp,low,P2,<AUDIT_ROOT>/extracted_sessions/F12_S09/attempt_a01/F_low/raw/probe/P2/F12_S09_F_low_a01/event_ledger.jsonl,2d16e2d92454e0343f4c86a082017c6cb6856a3817c8cd1440a413535b1eb5d5,90,0,0,0,,0,0,,,,,,,,790.4368340000001,868.6185367,870.45635528
PASS,F12_S09,a01,1848007487,F,shielded_dpp,low,P3,<AUDIT_ROOT>/extracted_sessions/F12_S09/attempt_a01/F_low/raw/probe/P3/F12_S09_F_low_a01/event_ledger.jsonl,0fa1eacfdf3489778e1fad410e869b305e71711af77066b4d21d1135591129d1,90,0,0,0,,0,0,,,,,,,,92.656146,162.47663114999997,168.82629670999998
PASS,F12_S09,a01,1848007487,F,shielded_dpp,mid,P1,<AUDIT_ROOT>/extracted_sessions/F12_S09/attempt_a01/F_mid/raw/probe/P1/F12_S09_F_mid_a01/event_ledger.jsonl,b6f04b97dcd7ec9d90bdaebfa7884a05636de576da79833657276e4adf0f3384,90,30,30,26,0.8666666666666667,30,0,0.0,936.4788715,1031.3891787,1037.6152816400001,3020.0150455000003,3116.8299199999997,3122.12356564,2063.5123270000004,2130.1414265999997,2140.87899404
PASS,F12_S09,a01,1848007487,F,shielded_dpp,mid,P2,<AUDIT_ROOT>/extracted_sessions/F12_S09/attempt_a01/F_mid/raw/probe/P2/F12_S09_F_mid_a01/event_ledger.jsonl,9a6d8dd4844605b563787c82ddf83d33c60d4910172de78fbef72d200b56f7b3,90,30,30,27,0.9,30,0,0.0,898.9084085,1011.01632535,1019.03143829,1724.4569314999999,1865.91574855,1880.2043652,834.2040065,885.00973415,888.27068263
PASS,F12_S09,a01,1848007487,F,shielded_dpp,mid,P3,<AUDIT_ROOT>/extracted_sessions/F12_S09/attempt_a01/F_mid/raw/probe/P3/F12_S09_F_mid_a01/event_ledger.jsonl,e8f8538d9b2ad71df34791c6af516fc60f15cafd31f369696b33afdffd8daf9a,90,30,30,30,1.0,30,30,1.0,312.3777635,382.3987588499999,399.98343166,390.998284,493.48090544999997,527.10007927,80.415828,145.51026240000002,150.64057473
PASS,F12_S09,a01,1848007487,F,shielded_dpp,high,P1,<AUDIT_ROOT>/extracted_sessions/F12_S09/attempt_a01/F_high/raw/probe/P1/F12_S09_F_high_a01/event_ledger.jsonl,7e67068dd337e7acca8860690ff01974997afd14015e9b12cda73bb48ed7f417,90,90,90,85,0.9444444444444444,90,0,0.0,912.7689285,1001.2102003,1020.06742104,3000.728256,3095.11290335,3126.00472744,2087.165364,2138.7579546,2140.94713361
PASS,F12_S09,a01,1848007487,F,shielded_dpp,high,P2,<AUDIT_ROOT>/extracted_sessions/F12_S09/attempt_a01/F_high/raw/probe/P2/F12_S09_F_high_a01/event_ledger.jsonl,7d92586cfa671e7ad002aa225d036594ee9014d504d6bd9059a8ce94f7e0615e,90,90,90,85,0.9444444444444444,90,0,0.0,871.8909565,1003.9620606999999,1028.35412297,1717.7031160000001,1822.08287975,1841.03691826,824.0735665,896.97334225,899.6925127999999
PASS,F12_S09,a01,1848007487,F,shielded_dpp,high,P3,<AUDIT_ROOT>/extracted_sessions/F12_S09/attempt_a01/F_high/raw/probe/P3/F12_S09_F_high_a01/event_ledger.jsonl,619918a6606c21592d01f7ee179218ca404b7cda6f76f025b3fd8c8cbadee8f4,90,90,90,90,1.0,90,90,1.0,274.1270275,391.85333819999994,453.78019615999995,348.8669275,464.76393275,526.41962768,73.915372,137.76610060000002,142.98987321
PASS,F12_S10,a01,1781053179,A,fixed_local,low,P1,<AUDIT_ROOT>/extracted_sessions/F12_S10/attempt_a01/A_low/raw/probe/P1/F12_S10_A_low_a01/event_ledger.jsonl,c3cf468e6b9b8a1c6e5b77f0e7abc4ae32471281fe6b8065322018a15516ac1e,90,0,0,0,,0,0,,,,,,,,1963.510652,2064.79250985,2068.22945127
PASS,F12_S10,a01,1781053179,A,fixed_local,low,P2,<AUDIT_ROOT>/extracted_sessions/F12_S10/attempt_a01/A_low/raw/probe/P2/F12_S10_A_low_a01/event_ledger.jsonl,09a911677b688ef489a16980587139c48f1cca30c05847929679acacc225b37b,90,0,0,0,,0,0,,,,,,,,761.3040255000001,837.0255353,839.83082658
PASS,F12_S10,a01,1781053179,A,fixed_local,low,P3,<AUDIT_ROOT>/extracted_sessions/F12_S10/attempt_a01/A_low/raw/probe/P3/F12_S10_A_low_a01/event_ledger.jsonl,a1515ba3f9b95d49e7a6ae5977d6a368dd8ac5032744df74310dc40996af8c23,90,0,0,0,,0,0,,,,,,,,91.476902,166.35443884999998,173.24091788
PASS,F12_S10,a01,1781053179,A,fixed_local,mid,P1,<AUDIT_ROOT>/extracted_sessions/F12_S10/attempt_a01/A_mid/raw/probe/P1/F12_S10_A_mid_a01/event_ledger.jsonl,ac2425a3beecd4f988b1470f0641c02dce5ad3873678aec62d2ac67eedbcb1a8,90,0,0,0,,0,0,,,,,,,,2011.0216735,2050.2564204,2053.69149865
PASS,F12_S10,a01,1781053179,A,fixed_local,mid,P2,<AUDIT_ROOT>/extracted_sessions/F12_S10/attempt_a01/A_mid/raw/probe/P2/F12_S10_A_mid_a01/event_ledger.jsonl,ad923e955c767a5d9673bb86ccb67de34f6272a45a397ee38de3d2d9b69fb708,90,0,0,0,,0,0,,,,,,,,715.1449705,755.4151575,758.66579196
PASS,F12_S10,a01,1781053179,A,fixed_local,mid,P3,<AUDIT_ROOT>/extracted_sessions/F12_S10/attempt_a01/A_mid/raw/probe/P3/F12_S10_A_mid_a01/event_ledger.jsonl,d19038aa5e1ffcbff9f28045be29cdb973214d206dd09546538d11d4365825dd,90,0,0,0,,0,0,,,,,,,,90.850079,162.7412588,169.32549439
PASS,F12_S10,a01,1781053179,A,fixed_local,high,P1,<AUDIT_ROOT>/extracted_sessions/F12_S10/attempt_a01/A_high/raw/probe/P1/F12_S10_A_high_a01/event_ledger.jsonl,9bc9f81d5e6db4ce556f7b8772c70ce158546db1acb4f03751625a19d37343c2,90,0,0,0,,0,0,,,,,,,,1937.3807875,2000.61633525,2003.5687865
PASS,F12_S10,a01,1781053179,A,fixed_local,high,P2,<AUDIT_ROOT>/extracted_sessions/F12_S10/attempt_a01/A_high/raw/probe/P2/F12_S10_A_high_a01/event_ledger.jsonl,784281f283daf56857646db8b3d881c5806a7e0e7f86c74c6da70ead0ab9d99c,90,0,0,0,,0,0,,,,,,,,668.6281449999999,723.39670315,726.7450867
PASS,F12_S10,a01,1781053179,A,fixed_local,high,P3,<AUDIT_ROOT>/extracted_sessions/F12_S10/attempt_a01/A_high/raw/probe/P3/F12_S10_A_high_a01/event_ledger.jsonl,749124f4ae9be7259c62d43eeed141d2990ca17f72c9ed54504b85f236f1140d,90,0,0,0,,0,0,,,,,,,,93.86463649999999,163.64568995,170.20378551000002
PASS,F12_S10,a01,1781053179,B,fixed_summary,low,P1,<AUDIT_ROOT>/extracted_sessions/F12_S10/attempt_a01/B_low/raw/probe/P1/F12_S10_B_low_a01/event_ledger.jsonl,3ac0ed8e18c0ebb0832d5527b7bb37a32dc12fe14416610583b39c87b253669c,90,0,0,0,,0,0,,,,,,,,2013.511389,2103.81158285,2108.27515304
PASS,F12_S10,a01,1781053179,B,fixed_summary,low,P2,<AUDIT_ROOT>/extracted_sessions/F12_S10/attempt_a01/B_low/raw/probe/P2/F12_S10_B_low_a01/event_ledger.jsonl,8281197ec751a5c72d8ea0672fdd672a10684c0f7ed36e0b3bdb0d7ee6a49f26,90,0,0,0,,0,0,,,,,,,,823.7861975000001,913.5322946,916.98316045
PASS,F12_S10,a01,1781053179,B,fixed_summary,low,P3,<AUDIT_ROOT>/extracted_sessions/F12_S10/attempt_a01/B_low/raw/probe/P3/F12_S10_B_low_a01/event_ledger.jsonl,f1b3442339e1a1d8d0912c435e2baa31bdb6f6dbce15c3c8ff10c317aa6f3590,90,0,0,0,,0,0,,,,,,,,84.58346850000001,153.6419411,160.53062179
PASS,F12_S10,a01,1781053179,B,fixed_summary,mid,P1,<AUDIT_ROOT>/extracted_sessions/F12_S10/attempt_a01/B_mid/raw/probe/P1/F12_S10_B_mid_a01/event_ledger.jsonl,3aac02f63140f05005ed8dd7c3d4a58d056dc858303710791c6c335115e8051e,90,0,0,0,,0,0,,,,,,,,2057.59839,2136.89405205,2140.4803082500002
PASS,F12_S10,a01,1781053179,B,fixed_summary,mid,P2,<AUDIT_ROOT>/extracted_sessions/F12_S10/attempt_a01/B_mid/raw/probe/P2/F12_S10_B_mid_a01/event_ledger.jsonl,ca14645d3622f61df5dafa4820e69b5605aaaff002ad1981d58cd337f9a14a97,90,0,0,0,,0,0,,,,,,,,946.809754,1014.3375764,1018.0573773
PASS,F12_S10,a01,1781053179,B,fixed_summary,mid,P3,<AUDIT_ROOT>/extracted_sessions/F12_S10/attempt_a01/B_mid/raw/probe/P3/F12_S10_B_mid_a01/event_ledger.jsonl,a51134bf20f7813e915c70bb56816a9f39e12165eb98b496f5e4c57b6775b915,90,0,0,0,,0,0,,,,,,,,84.403008,155.9160909,163.63304346
PASS,F12_S10,a01,1781053179,B,fixed_summary,high,P1,<AUDIT_ROOT>/extracted_sessions/F12_S10/attempt_a01/B_high/raw/probe/P1/F12_S10_B_high_a01/event_ledger.jsonl,72c83b6d8d48a346c204d9f338bca306b8ed99e345e26899e788df2612201649,90,0,0,0,,0,0,,,,,,,,1943.4140235,2129.7212179000003,2134.29443019
PASS,F12_S10,a01,1781053179,B,fixed_summary,high,P2,<AUDIT_ROOT>/extracted_sessions/F12_S10/attempt_a01/B_high/raw/probe/P2/F12_S10_B_high_a01/event_ledger.jsonl,0a918c749492a9c8aa2250bad1a4eb78b31f2172453a44609406a4d47c2af648,90,0,0,0,,0,0,,,,,,,,764.7510984999999,939.6696236,943.08706055
PASS,F12_S10,a01,1781053179,B,fixed_summary,high,P3,<AUDIT_ROOT>/extracted_sessions/F12_S10/attempt_a01/B_high/raw/probe/P3/F12_S10_B_high_a01/event_ledger.jsonl,654ddb0e3ef88317db469b557bf1cf45bde3339a5be98e3e6f27781bf33e6dd3,90,0,0,0,,0,0,,,,,,,,87.287103,163.10785959999998,169.98552198
PASS,F12_S10,a01,1781053179,C,fixed_full,low,P1,<AUDIT_ROOT>/extracted_sessions/F12_S10/attempt_a01/C_low/raw/probe/P1/F12_S10_C_low_a01/event_ledger.jsonl,1726926c08cb7d57fee77d0e4a523f5e09905e120f50d853d401e86b72a434e4,90,90,90,0,0.0,90,0,0.0,103049.192817,183292.00911205,190422.09372171998,105016.8576025,185329.90207055,192463.39694345,1967.6647855,2037.8929584999998,2041.3032217300001
PASS,F12_S10,a01,1781053179,C,fixed_full,low,P2,<AUDIT_ROOT>/extracted_sessions/F12_S10/attempt_a01/C_low/raw/probe/P2/F12_S10_C_low_a01/event_ledger.jsonl,a7422b6c20ca8a5c5efa88b6a04d820c3765bb536a4686d62f35d16a65eb7cbc,90,90,90,0,0.0,90,0,0.0,102990.227218,183211.08376074999,190349.79666236,103848.756961,184162.58899885,191303.58060575998,858.529743,951.5052380999999,953.7839434
PASS,F12_S10,a01,1781053179,C,fixed_full,low,P3,<AUDIT_ROOT>/extracted_sessions/F12_S10/attempt_a01/C_low/raw/probe/P3/F12_S10_C_low_a01/event_ledger.jsonl,57a20f5e6ec35533e99cf558c28d18cc48a3a2d499c90c4c9eef9536188a0848,90,90,90,0,0.0,90,0,0.0,102272.3820305,182553.4870047,189684.25071576,102349.14085550001,182692.18623335,189827.57317666002,76.758825,138.69922864999998,143.3224609
PASS,F12_S10,a01,1781053179,C,fixed_full,mid,P1,<AUDIT_ROOT>/extracted_sessions/F12_S10/attempt_a01/C_mid/raw/probe/P1/F12_S10_C_mid_a01/event_ledger.jsonl,211d5b7492c49e0d3b6ff25e4f6e93f7eb3c6bfce978191634027aac600e56f5,90,90,90,0,0.0,90,0,0.0,26942.320184,46967.92073175,48996.05634312,29088.668157,49189.33079265,51219.58556356,2146.347973,2221.4100609,2223.52922044
PASS,F12_S10,a01,1781053179,C,fixed_full,mid,P2,<AUDIT_ROOT>/extracted_sessions/F12_S10/attempt_a01/C_mid/raw/probe/P2/F12_S10_C_mid_a01/event_ledger.jsonl,3c67c73e3f26ec9172b6d6ebae78fed2e1d20ad20a11cc2e7a6c56fa03f0a626,90,90,90,0,0.0,90,0,0.0,26866.875121,46966.86156635,48980.30294567,27714.2098845,47856.929599849995,49874.70300547,847.3347635,890.0680335,894.4000598
PASS,F12_S10,a01,1781053179,C,fixed_full,mid,P3,<AUDIT_ROOT>/extracted_sessions/F12_S10/attempt_a01/C_mid/raw/probe/P3/F12_S10_C_mid_a01/event_ledger.jsonl,da5ac4b4ba5e0a99bbca68cd9cb325c2d43b63dbaff830dd7f7e7623b1b12f17,90,90,90,0,0.0,90,0,0.0,26259.518232000002,46268.31928515,48294.136512159996,26334.291456,46400.64321845,48431.05089547,74.773224,132.3239333,136.91438330999998
PASS,F12_S10,a01,1781053179,C,fixed_full,high,P1,<AUDIT_ROOT>/extracted_sessions/F12_S10/attempt_a01/C_high/raw/probe/P1/F12_S10_C_high_a01/event_ledger.jsonl,15342de496df6181f5ee33f263e457f546df463c186387cadb50093c0635a71a,90,90,90,88,0.9777777777777777,90,0,0.0,841.9210395,949.92768035,1039.3502656199998,3009.590574,3109.0774165,3132.45641411,2165.584304,2199.8823811499997,2204.3642940299997
PASS,F12_S10,a01,1781053179,C,fixed_full,high,P2,<AUDIT_ROOT>/extracted_sessions/F12_S10/attempt_a01/C_high/raw/probe/P2/F12_S10_C_high_a01/event_ledger.jsonl,da3b48727495f31b72eb1b967fe68ae47f8a64a58f00deb3696ca17d9bc284e3,90,90,90,87,0.9666666666666667,90,0,0.0,837.7966345,963.6938905,1042.57968893,1714.633037,1829.4687645,1857.2096085,871.907337,912.0563721999999,916.54929814
PASS,F12_S10,a01,1781053179,C,fixed_full,high,P3,<AUDIT_ROOT>/extracted_sessions/F12_S10/attempt_a01/C_high/raw/probe/P3/F12_S10_C_high_a01/event_ledger.jsonl,55899a1df1c878b9ec86f472f77d00e97d5ca3786cd73ce6d783d97be2242e27,90,90,90,90,1.0,90,90,1.0,266.0322005,365.39060965,492.42426581,356.675091,470.22795165,515.87630191,81.2872605,142.8779851,147.59820922
PASS,F12_S10,a01,1781053179,D,independent_dpp,low,P1,<AUDIT_ROOT>/extracted_sessions/F12_S10/attempt_a01/D_low/raw/probe/P1/F12_S10_D_low_a01/event_ledger.jsonl,7170aa7fa2ea6bf1d4d189efbf71347af9113f59bd87e01001c52b634f2b3685,90,22,22,0,0.0,22,0,0.0,3889.3038125000003,3983.33377255,3984.23722824,5839.627902,5937.8319802,5950.46559391,1921.6835624999999,2011.8973264,2016.72412626
PASS,F12_S10,a01,1781053179,D,independent_dpp,low,P2,<AUDIT_ROOT>/extracted_sessions/F12_S10/attempt_a01/D_low/raw/probe/P2/F12_S10_D_low_a01/event_ledger.jsonl,d577dc168dbfef320d0b0cca1b2d20899c39429552e4f44f69a76973b81aa8c0,90,22,22,0,0.0,22,0,0.0,3871.3622955,3953.8075657,3968.5233118,4564.0544365000005,4662.8277635,4672.00124263,653.8222145,788.1701999000001,791.28886417
PASS,F12_S10,a01,1781053179,D,independent_dpp,low,P3,<AUDIT_ROOT>/extracted_sessions/F12_S10/attempt_a01/D_low/raw/probe/P3/F12_S10_D_low_a01/event_ledger.jsonl,c16705dba3bf38a1bd68faed9821dad0738ce62b820d97b8d56a4bd8df8a3165,90,22,22,0,0.0,22,0,0.0,3139.8378965,3232.89877295,3401.4569879899996,3242.3343299999997,3355.7551894000003,3534.24596076,82.87406,150.74559324999998,156.62000922
PASS,F12_S10,a01,1781053179,D,independent_dpp,mid,P1,<AUDIT_ROOT>/extracted_sessions/F12_S10/attempt_a01/D_mid/raw/probe/P1/F12_S10_D_mid_a01/event_ledger.jsonl,038ae8a9fc64aa009191c3046cda45a7f7b5a11062017d3117d662f58568af08,90,45,45,0,0.0,45,0,0.0,1911.796276,1987.4423952,1997.15238368,3817.443189,3900.4482986,3943.0746198,1887.2419009999999,1966.43691585,1968.2913687399998
PASS,F12_S10,a01,1781053179,D,independent_dpp,mid,P2,<AUDIT_ROOT>/extracted_sessions/F12_S10/attempt_a01/D_mid/raw/probe/P2/F12_S10_D_mid_a01/event_ledger.jsonl,7296390fb41578cc24279a276e20a79ab51e6a31980672cb7e558c01dd2e3f95,90,45,45,0,0.0,45,0,0.0,1857.814851,1931.9054469999999,1959.2683904,2660.130532,2750.2478548,2772.5960336000003,772.9966420000001,837.951221,839.98935424
PASS,F12_S10,a01,1781053179,D,independent_dpp,mid,P3,<AUDIT_ROOT>/extracted_sessions/F12_S10/attempt_a01/D_mid/raw/probe/P3/F12_S10_D_mid_a01/event_ledger.jsonl,03d2ff3acd7ac39dbda579bf9fc8df7eaaabc2fd611732aa6859b573c3402894,90,45,45,0,0.0,45,0,0.0,1178.465917,1246.5427542,1249.2077312,1260.337644,1350.2214947999998,1370.0512154,75.7672395,141.68112265,147.25857973
PASS,F12_S10,a01,1781053179,D,independent_dpp,high,P1,<AUDIT_ROOT>/extracted_sessions/F12_S10/attempt_a01/D_high/raw/probe/P1/F12_S10_D_high_a01/event_ledger.jsonl,fe5199deb551df1c5d877475d52fc4e29b00101b8c4906548f8173bd76479d2f,90,90,90,77,0.8555555555555555,90,0,0.0,916.78903,1005.77312535,1021.07035905,2901.3542035,3010.00117575,3079.69157426,1965.138344,2089.97573875,2093.21912796
PASS,F12_S10,a01,1781053179,D,independent_dpp,high,P2,<AUDIT_ROOT>/extracted_sessions/F12_S10/attempt_a01/D_high/raw/probe/P2/F12_S10_D_high_a01/event_ledger.jsonl,c53260fb4350b83e709f73e79bb805d33590cf92b3ae4c3930c9644493b3b788,90,90,90,87,0.9666666666666667,90,0,0.0,843.8957399999999,965.65347045,1046.39386702,1724.1976300000001,1867.443036,1933.5551112199998,882.79306,981.6553414,984.07246345
PASS,F12_S10,a01,1781053179,D,independent_dpp,high,P3,<AUDIT_ROOT>/extracted_sessions/F12_S10/attempt_a01/D_high/raw/probe/P3/F12_S10_D_high_a01/event_ledger.jsonl,f1a6f8f038fb9adcef2199cf394f7996c45b5ea15ebd6ffe8ec0dae7c6426e6f,90,90,90,90,1.0,90,90,1.0,273.508656,384.35037389999997,525.0085255,355.987025,495.62921635,646.7689893300001,75.9957765,142.03961655,146.96099128999998
PASS,F12_S10,a01,1781053179,E,central_dpp,low,P1,<AUDIT_ROOT>/extracted_sessions/F12_S10/attempt_a01/E_low/raw/probe/P1/F12_S10_E_low_a01/event_ledger.jsonl,8441cc6cbc4170ff569a2ae10bec1637ce66a7e02ee25433bf6c4356170e95b8,90,0,0,0,,0,0,,,,,,,,2041.724064,2115.9378176,2119.5092708899997
PASS,F12_S10,a01,1781053179,E,central_dpp,low,P2,<AUDIT_ROOT>/extracted_sessions/F12_S10/attempt_a01/E_low/raw/probe/P2/F12_S10_E_low_a01/event_ledger.jsonl,99d241ae969b56c4aaccb725172da8d0071b7bcea9d69176bbf46f636cb7c75c,90,0,0,0,,0,0,,,,,,,,834.218214,905.31827615,909.7170787599999
PASS,F12_S10,a01,1781053179,E,central_dpp,low,P3,<AUDIT_ROOT>/extracted_sessions/F12_S10/attempt_a01/E_low/raw/probe/P3/F12_S10_E_low_a01/event_ledger.jsonl,e0fee7f6c70239b262e0f32bec7d0737ecf91c035dbe151b1f393bad75f019fd,90,0,0,0,,0,0,,,,,,,,89.2667055,164.30822805,168.97292056
PASS,F12_S10,a01,1781053179,E,central_dpp,mid,P1,<AUDIT_ROOT>/extracted_sessions/F12_S10/attempt_a01/E_mid/raw/probe/P1/F12_S10_E_mid_a01/event_ledger.jsonl,0ced423562b286c986c3db5ca947b5025634215993d0685ff7c64ef88da63b2e,90,30,30,29,0.9666666666666667,30,0,0.0,914.075891,982.170304,1027.1310952200001,2994.351196,3106.02528125,3139.9931382,2076.9272695,2105.2562617999997,2151.1618155
PASS,F12_S10,a01,1781053179,E,central_dpp,mid,P2,<AUDIT_ROOT>/extracted_sessions/F12_S10/attempt_a01/E_mid/raw/probe/P2/F12_S10_E_mid_a01/event_ledger.jsonl,4607ea2386cfd661c39649d4b5ded731a0741374526f17874dbb0131158f0318,90,30,30,27,0.9,30,0,0.0,921.8131865,1009.7077816999999,1040.11230237,1779.9899015,1903.3137092999998,1909.65619091,850.4381615,929.55712145,931.81781899
PASS,F12_S10,a01,1781053179,E,central_dpp,mid,P3,<AUDIT_ROOT>/extracted_sessions/F12_S10/attempt_a01/E_mid/raw/probe/P3/F12_S10_E_mid_a01/event_ledger.jsonl,708105bbec07add7e346d5d5b04403757e8af99836fed4590052b09d10807b58,90,30,30,30,1.0,30,30,1.0,292.1904775,376.0213338,422.67884743,366.455555,492.43702999999994,522.2332591500001,80.25508099999999,148.46205375,154.7949461
PASS,F12_S10,a01,1781053179,E,central_dpp,high,P1,<AUDIT_ROOT>/extracted_sessions/F12_S10/attempt_a01/E_high/raw/probe/P1/F12_S10_E_high_a01/event_ledger.jsonl,2b34da77c376a2cd767f7e66b5dc831c5e5797928b9e6f3a0cc904f3f05b4148,90,90,90,86,0.9555555555555556,90,0,0.0,920.3501275,998.87057325,1012.87186183,2979.2818075,3071.49545355,3085.55823552,2040.7027094999999,2102.0696027,2106.0948708799997
PASS,F12_S10,a01,1781053179,E,central_dpp,high,P2,<AUDIT_ROOT>/extracted_sessions/F12_S10/attempt_a01/E_high/raw/probe/P2/F12_S10_E_high_a01/event_ledger.jsonl,8aa7fbe351939c15622fe368fa75cd5222deaa5d74529fc71df2e64f8669db9e,90,90,90,87,0.9666666666666667,90,0,0.0,865.832928,962.3660695499999,1043.93865207,1754.2330915,1858.8862765000001,1889.4022463899998,905.886289,940.3497103999999,944.71846435
PASS,F12_S10,a01,1781053179,E,central_dpp,high,P3,<AUDIT_ROOT>/extracted_sessions/F12_S10/attempt_a01/E_high/raw/probe/P3/F12_S10_E_high_a01/event_ledger.jsonl,91accf88d9a4f896f6d8a832c348be75854a07ab82d22ac2a8f2a38d76e4903c,90,90,90,90,1.0,90,90,1.0,276.473161,348.5352913,378.67426935,351.61990549999996,449.0882872,500.56035746,76.44216549999999,140.41710425,146.68737263999998
PASS,F12_S10,a01,1781053179,F,shielded_dpp,low,P1,<AUDIT_ROOT>/extracted_sessions/F12_S10/attempt_a01/F_low/raw/probe/P1/F12_S10_F_low_a01/event_ledger.jsonl,e7424ac4125dac77fdcfaf646448ae6a396ac296a268b425b9884da99a928bcc,90,0,0,0,,0,0,,,,,,,,2085.6634435,2128.5103774,2130.89687986
PASS,F12_S10,a01,1781053179,F,shielded_dpp,low,P2,<AUDIT_ROOT>/extracted_sessions/F12_S10/attempt_a01/F_low/raw/probe/P2/F12_S10_F_low_a01/event_ledger.jsonl,34687e1ffebab0c6c7f3a56e136881b6239a722781b425d94414f686e2cff6c1,90,0,0,0,,0,0,,,,,,,,938.206862,977.5362061,981.41541965
PASS,F12_S10,a01,1781053179,F,shielded_dpp,low,P3,<AUDIT_ROOT>/extracted_sessions/F12_S10/attempt_a01/F_low/raw/probe/P3/F12_S10_F_low_a01/event_ledger.jsonl,ae4c10a9b283cbc4a8bacbd8f9b8d2e1b46f592c4bdd6c0dbc172d6194f6d9c3,90,0,0,0,,0,0,,,,,,,,89.8257255,160.85881565,166.87455545
PASS,F12_S10,a01,1781053179,F,shielded_dpp,mid,P1,<AUDIT_ROOT>/extracted_sessions/F12_S10/attempt_a01/F_mid/raw/probe/P1/F12_S10_F_mid_a01/event_ledger.jsonl,fd6f0af395d8dfc14170933aa9e0b003ee3f06446f903b82d109d1a667b3c7c7,90,30,30,24,0.8,30,0,0.0,941.1621455,1026.7855631,1064.51807851,2937.2449534999996,3043.8203344999997,3064.05051924,1980.455485,2053.6636323,2058.14655908
PASS,F12_S10,a01,1781053179,F,shielded_dpp,mid,P2,<AUDIT_ROOT>/extracted_sessions/F12_S10/attempt_a01/F_mid/raw/probe/P2/F12_S10_F_mid_a01/event_ledger.jsonl,1c25fd96e4933d910527500ba783710ebe889cd93941ee6895870a0b2af0a026,90,30,30,23,0.7666666666666667,30,0,0.0,938.8541769999999,1042.45554335,1043.89716424,1646.437056,1782.0873439499999,1812.3996957900001,729.009499,827.7853318,830.24548687
PASS,F12_S10,a01,1781053179,F,shielded_dpp,mid,P3,<AUDIT_ROOT>/extracted_sessions/F12_S10/attempt_a01/F_mid/raw/probe/P3/F12_S10_F_mid_a01/event_ledger.jsonl,00a74c070cbea195d9d7ec1474f32ddbe4dcb9a49216d00d0616129a44d84273,90,30,30,30,1.0,30,30,1.0,289.368832,388.02841164999984,404.8094249,379.813815,502.13232374999995,511.25103305,86.9250395,154.78252715,160.57314669000002
PASS,F12_S10,a01,1781053179,F,shielded_dpp,high,P1,<AUDIT_ROOT>/extracted_sessions/F12_S10/attempt_a01/F_high/raw/probe/P1/F12_S10_F_high_a01/event_ledger.jsonl,d0791ebe0dd38fc693b9f26fe6e1ebeb3f51faf4127647a7fbf675255e3e96a2,90,90,90,83,0.9222222222222223,90,0,0.0,911.856936,1007.34553005,1027.58634793,2957.1120954999997,3057.3609589499997,3096.98782414,2020.3578655000001,2096.05319735,2123.59940952
PASS,F12_S10,a01,1781053179,F,shielded_dpp,high,P2,<AUDIT_ROOT>/extracted_sessions/F12_S10/attempt_a01/F_high/raw/probe/P2/F12_S10_F_high_a01/event_ledger.jsonl,3979da1c444c13819e6377e89886b6f002a4d323721ed83efc30c575fdd7c061,90,90,90,88,0.9777777777777777,90,0,0.0,832.5628045,948.74822435,1014.83014767,1726.7135235,1861.7272672,1876.94121912,879.8512145,928.5883215499999,932.54547342
PASS,F12_S10,a01,1781053179,F,shielded_dpp,high,P3,<AUDIT_ROOT>/extracted_sessions/F12_S10/attempt_a01/F_high/raw/probe/P3/F12_S10_F_high_a01/event_ledger.jsonl,29ae5bf22af4e983ce3ed2cd539e234474c49af7ddc72fbb14a0c20518d5250b,90,90,90,90,1.0,90,90,1.0,262.4849125,366.167663,387.90403966,345.40697850000004,475.10688445,511.45487807,80.0884575,143.53894415,148.95826319
PASS,F12_S11,a01,3706986015,A,fixed_local,low,P1,<AUDIT_ROOT>/extracted_sessions/F12_S11/attempt_a01/A_low/raw/probe/P1/F12_S11_A_low_a01/event_ledger.jsonl,2a77c14e745d62721b9c0aae8230ebdc8ce094c7a3855d57783d21d0a9978013,90,0,0,0,,0,0,,,,,,,,1923.5022175,1986.90778265,2001.20969854
PASS,F12_S11,a01,3706986015,A,fixed_local,low,P2,<AUDIT_ROOT>/extracted_sessions/F12_S11/attempt_a01/A_low/raw/probe/P2/F12_S11_A_low_a01/event_ledger.jsonl,c69db92563ac04438e05af9752f755d95819ea997cc265db243fb7ac4bd504e1,90,0,0,0,,0,0,,,,,,,,743.9172175,820.1018930500001,835.5838297099999
PASS,F12_S11,a01,3706986015,A,fixed_local,low,P3,<AUDIT_ROOT>/extracted_sessions/F12_S11/attempt_a01/A_low/raw/probe/P3/F12_S11_A_low_a01/event_ledger.jsonl,c3a5b94b899cf5825e3f0e87b5fd2c1f74ae7bca7747002c23040914e1f7f015,90,0,0,0,,0,0,,,,,,,,89.077163,161.42858370000002,168.11715318
PASS,F12_S11,a01,3706986015,A,fixed_local,mid,P1,<AUDIT_ROOT>/extracted_sessions/F12_S11/attempt_a01/A_mid/raw/probe/P1/F12_S11_A_mid_a01/event_ledger.jsonl,6bbc1760bda5976d4e24e43c780242b925069b99fd60f2e38c103294ee7f168e,90,0,0,0,,0,0,,,,,,,,2032.370489,2109.6849173,2112.1138526
PASS,F12_S11,a01,3706986015,A,fixed_local,mid,P2,<AUDIT_ROOT>/extracted_sessions/F12_S11/attempt_a01/A_mid/raw/probe/P2/F12_S11_A_mid_a01/event_ledger.jsonl,da2310a6d798fc15adbb6dd70d95115942ca967de6b980aaa235d1718432b281,90,0,0,0,,0,0,,,,,,,,748.2623014999999,824.61720845,828.7631262799999
PASS,F12_S11,a01,3706986015,A,fixed_local,mid,P3,<AUDIT_ROOT>/extracted_sessions/F12_S11/attempt_a01/A_mid/raw/probe/P3/F12_S11_A_mid_a01/event_ledger.jsonl,322339ae4febe10461013ae95189070d490bea1265fc76615bbd01d71710782c,90,0,0,0,,0,0,,,,,,,,93.8884695,169.5045767,176.22937854
PASS,F12_S11,a01,3706986015,A,fixed_local,high,P1,<AUDIT_ROOT>/extracted_sessions/F12_S11/attempt_a01/A_high/raw/probe/P1/F12_S11_A_high_a01/event_ledger.jsonl,ffb92c6c403dbff5fdac50838e4cda7afdb94ddae595b832035c0e00be8a84bf,90,0,0,0,,0,0,,,,,,,,2031.0179705,2105.345298,2109.90704451
PASS,F12_S11,a01,3706986015,A,fixed_local,high,P2,<AUDIT_ROOT>/extracted_sessions/F12_S11/attempt_a01/A_high/raw/probe/P2/F12_S11_A_high_a01/event_ledger.jsonl,80f9a79519281a48b85f37328c85405cdda5cd0db46d5a1b38b610c6af96f6f9,90,0,0,0,,0,0,,,,,,,,736.1204455,814.3224486,818.68399692
PASS,F12_S11,a01,3706986015,A,fixed_local,high,P3,<AUDIT_ROOT>/extracted_sessions/F12_S11/attempt_a01/A_high/raw/probe/P3/F12_S11_A_high_a01/event_ledger.jsonl,84e936d2375bfb25afe58dd65059b48b8279eac0db59255e314a8529fac137a6,90,0,0,0,,0,0,,,,,,,,90.1304035,162.3554341,168.32236291
PASS,F12_S11,a01,3706986015,B,fixed_summary,low,P1,<AUDIT_ROOT>/extracted_sessions/F12_S11/attempt_a01/B_low/raw/probe/P1/F12_S11_B_low_a01/event_ledger.jsonl,4ab3dc984de633d27ff2620a22dd0f83c81e415dba9a8372ed7c7124caba608c,90,0,0,0,,0,0,,,,,,,,1928.4192665,1983.9116556000001,1990.10794838
PASS,F12_S11,a01,3706986015,B,fixed_summary,low,P2,<AUDIT_ROOT>/extracted_sessions/F12_S11/attempt_a01/B_low/raw/probe/P2/F12_S11_B_low_a01/event_ledger.jsonl,e283aa4d9024d6766112fced608d393d7e2241ba87c1d6403da4f67a71094c9a,90,0,0,0,,0,0,,,,,,,,639.410462,714.9000189,725.6956869
PASS,F12_S11,a01,3706986015,B,fixed_summary,low,P3,<AUDIT_ROOT>/extracted_sessions/F12_S11/attempt_a01/B_low/raw/probe/P3/F12_S11_B_low_a01/event_ledger.jsonl,ef640a4c71e8a286c1d1e17d0edbbdb6094ad245262d241f9e1f635d34977606,90,0,0,0,,0,0,,,,,,,,82.38038449999999,153.1560038,159.16823915999998
PASS,F12_S11,a01,3706986015,B,fixed_summary,mid,P1,<AUDIT_ROOT>/extracted_sessions/F12_S11/attempt_a01/B_mid/raw/probe/P1/F12_S11_B_mid_a01/event_ledger.jsonl,669525a368f6640cfe329a791c09f9836f8140796bd0a5b28d06ce69481f16fa,90,0,0,0,,0,0,,,,,,,,2087.869598,2136.27760055,2140.60469811
PASS,F12_S11,a01,3706986015,B,fixed_summary,mid,P2,<AUDIT_ROOT>/extracted_sessions/F12_S11/attempt_a01/B_mid/raw/probe/P2/F12_S11_B_mid_a01/event_ledger.jsonl,c6c452aa856d68b8345a6c1d09a58339338b8a917586af297d74049360a719e0,90,0,0,0,,0,0,,,,,,,,824.6927895,887.7452840999999,894.926157
PASS,F12_S11,a01,3706986015,B,fixed_summary,mid,P3,<AUDIT_ROOT>/extracted_sessions/F12_S11/attempt_a01/B_mid/raw/probe/P3/F12_S11_B_mid_a01/event_ledger.jsonl,cc14c3ac072dbd98c14a45c59cdfdc88335728da55244d21acc6bfd6ccb079b6,90,0,0,0,,0,0,,,,,,,,86.79418949999999,157.27987675,162.49053078999998
PASS,F12_S11,a01,3706986015,B,fixed_summary,high,P1,<AUDIT_ROOT>/extracted_sessions/F12_S11/attempt_a01/B_high/raw/probe/P1/F12_S11_B_high_a01/event_ledger.jsonl,bdfb2a5242cbcbc4cbaf83e0f193dfd91e88573b11dc392bfdfe0b5d3f34aff4,90,0,0,0,,0,0,,,,,,,,1941.632447,1992.7484689,1995.24574942
PASS,F12_S11,a01,3706986015,B,fixed_summary,high,P2,<AUDIT_ROOT>/extracted_sessions/F12_S11/attempt_a01/B_high/raw/probe/P2/F12_S11_B_high_a01/event_ledger.jsonl,9123b6944d78532adc0d2a817ae13a307005c7b419104a6662509f37d1d341ad,90,0,0,0,,0,0,,,,,,,,648.9459334999999,703.7603643499999,707.1482589000001
PASS,F12_S11,a01,3706986015,B,fixed_summary,high,P3,<AUDIT_ROOT>/extracted_sessions/F12_S11/attempt_a01/B_high/raw/probe/P3/F12_S11_B_high_a01/event_ledger.jsonl,f1cc9ec660a333ef11e20f10d4f3bdb910b43f874ce38bee6555093193688d44,90,0,0,0,,0,0,,,,,,,,86.93904950000001,155.76060489999998,163.50675249999998
PASS,F12_S11,a01,3706986015,C,fixed_full,low,P1,<AUDIT_ROOT>/extracted_sessions/F12_S11/attempt_a01/C_low/raw/probe/P1/F12_S11_C_low_a01/event_ledger.jsonl,5ec7c19a1daf78f67b68eeb9e7cacdac30055f13bf6afb1ba324dd326ce03333,90,90,90,0,0.0,90,0,0.0,103104.83403249999,183354.36342375,190433.43953678999,105046.78548399999,185356.6038876,192439.85475978997,1941.9514515,2002.24046385,2006.415223
PASS,F12_S11,a01,3706986015,C,fixed_full,low,P2,<AUDIT_ROOT>/extracted_sessions/F12_S11/attempt_a01/C_low/raw/probe/P2/F12_S11_C_low_a01/event_ledger.jsonl,5d192831da78af2539091750468bb46e83c1bcdad51dff3c52db680ba06ab4eb,90,90,90,0,0.0,90,0,0.0,103067.56458800001,183296.82017579998,190372.31479531998,103791.704272,184102.9649621,191180.771723,724.139684,806.1447863000001,808.45692768
PASS,F12_S11,a01,3706986015,C,fixed_full,low,P3,<AUDIT_ROOT>/extracted_sessions/F12_S11/attempt_a01/C_low/raw/probe/P3/F12_S11_C_low_a01/event_ledger.jsonl,78295a1497802e5f21d23a6e12b34829f399e0f50b9150af670411d0d0c96ace,90,90,90,0,0.0,90,0,0.0,102370.270691,182607.82267515,189687.29725998,102455.4375815,182758.38635005,189842.68637394,85.1668905,150.5636749,155.38911396
PASS,F12_S11,a01,3706986015,C,fixed_full,mid,P1,<AUDIT_ROOT>/extracted_sessions/F12_S11/attempt_a01/C_mid/raw/probe/P1/F12_S11_C_mid_a01/event_ledger.jsonl,8bc22ee05be4131c7c1f715a6200124a1e9699c992d38bf1294971e4a3007c80,90,90,90,0,0.0,90,0,0.0,27020.521233,46932.66328965,48945.34743824,29090.776444,49081.74128765,51098.20693886,2070.255211,2149.177102,2152.59784338
PASS,F12_S11,a01,3706986015,C,fixed_full,mid,P2,<AUDIT_ROOT>/extracted_sessions/F12_S11/attempt_a01/C_mid/raw/probe/P2/F12_S11_C_mid_a01/event_ledger.jsonl,edd5f9dc8940713ae93c1b0b027278252222c0a0635e3f2172c677cf8341fda2,90,90,90,0,0.0,90,0,0.0,26951.0620155,46932.287205650005,48914.98950009,27889.887374500002,47912.5416721,49898.78104485,938.8253589999999,980.3719105499999,983.01569124
PASS,F12_S11,a01,3706986015,C,fixed_full,mid,P3,<AUDIT_ROOT>/extracted_sessions/F12_S11/attempt_a01/C_mid/raw/probe/P3/F12_S11_C_mid_a01/event_ledger.jsonl,ceb1cffb94d0a8a633a2be1d8309461a19ddeab86ce243b1f71f1ee7efaed72e,90,90,90,0,0.0,90,0,0.0,26367.243477,46216.82077525,48206.1942643,26446.968119999998,46359.2955779,48355.32971261,79.72464299999999,142.58077035,148.20937069
PASS,F12_S11,a01,3706986015,C,fixed_full,high,P1,<AUDIT_ROOT>/extracted_sessions/F12_S11/attempt_a01/C_high/raw/probe/P1/F12_S11_C_high_a01/event_ledger.jsonl,d85395c043043d1573c535e8e0c7e6153da690c1ccfef402271c078ee85a3a0d,90,90,90,82,0.9111111111111111,90,0,0.0,906.564974,1015.0012427,1027.31616302,3038.681709,3138.41538915,3154.848806,2113.8009709999997,2201.3521269,2203.28155918
PASS,F12_S11,a01,3706986015,C,fixed_full,high,P2,<AUDIT_ROOT>/extracted_sessions/F12_S11/attempt_a01/C_high/raw/probe/P2/F12_S11_C_high_a01/event_ledger.jsonl,4c8056cab8ded6bd133c7d52645fdd71c58a0706eae60610e15dc57c656b38b5,90,90,90,84,0.9333333333333333,90,0,0.0,901.402021,1014.83564325,1044.18386366,1820.5972510000001,1940.4678764,1985.3114695099998,912.4917055,1038.8480024,1042.40403909
PASS,F12_S11,a01,3706986015,C,fixed_full,high,P3,<AUDIT_ROOT>/extracted_sessions/F12_S11/attempt_a01/C_high/raw/probe/P3/F12_S11_C_high_a01/event_ledger.jsonl,86534e5e552c1aae7aac0612f000049e73980a656e72e74011d0399527aa2a3b,90,90,90,90,1.0,90,90,1.0,275.115208,374.0485467,497.91133765999996,354.6697275,470.16354359999997,582.3938956899999,76.7873245,135.7832703,141.58932479
PASS,F12_S11,a01,3706986015,D,independent_dpp,low,P1,<AUDIT_ROOT>/extracted_sessions/F12_S11/attempt_a01/D_low/raw/probe/P1/F12_S11_D_low_a01/event_ledger.jsonl,c0098021a21589cf591c42c5f291a4d53e177e1d9f0148e4e4f7f09fbdd9dee6,90,22,22,0,0.0,22,0,0.0,3907.9528935,3984.4180974,3984.95663688,5881.9149715,5972.3721958,5973.7743661899995,1986.79707,2019.66576345,2022.27256442
PASS,F12_S11,a01,3706986015,D,independent_dpp,low,P2,<AUDIT_ROOT>/extracted_sessions/F12_S11/attempt_a01/D_low/raw/probe/P2/F12_S11_D_low_a01/event_ledger.jsonl,9b2a434316064fc98d68ae9fa324a1c8e2f0b8f80cfe37910ed7cc314b8e5ea1,90,22,22,0,0.0,22,0,0.0,3865.8623900000002,3946.27182495,3948.39236012,4602.115799499999,4698.84512645,4703.58233047,763.9970915,802.27514855,804.80931591
PASS,F12_S11,a01,3706986015,D,independent_dpp,low,P3,<AUDIT_ROOT>/extracted_sessions/F12_S11/attempt_a01/D_low/raw/probe/P3/F12_S11_D_low_a01/event_ledger.jsonl,546e172c4622a6aba944a323f6acc45a3f7d434b3ffb9b8f432801de1521631d,90,22,22,0,0.0,22,0,0.0,3143.2007215000003,3242.1475697,3265.69576194,3248.3251775,3346.2236270000003,3361.01561108,88.90461350000001,156.00989719999998,162.7396053
PASS,F12_S11,a01,3706986015,D,independent_dpp,mid,P1,<AUDIT_ROOT>/extracted_sessions/F12_S11/attempt_a01/D_mid/raw/probe/P1/F12_S11_D_mid_a01/event_ledger.jsonl,71a2b9cf7e228e5d21ffe4d16ded537ae576e7a679b1da8733fd1ce78e1fde56,90,45,45,0,0.0,45,0,0.0,1823.314364,1888.2224946,1909.69321416,3855.692032,3950.4784592,3966.5097005999996,2001.6412295,2087.20921775,2091.63127465
PASS,F12_S11,a01,3706986015,D,independent_dpp,mid,P2,<AUDIT_ROOT>/extracted_sessions/F12_S11/attempt_a01/D_mid/raw/probe/P2/F12_S11_D_mid_a01/event_ledger.jsonl,9c391e5dae0aced47e0931477f25f5658042951499f673d8a08e1e9d390e4a0d,90,45,45,0,0.0,45,0,0.0,1750.633859,1826.7211298,1834.6070894000002,2614.028584,2702.2139464,2725.37659376,824.5520005000001,904.16761105,906.86215671
PASS,F12_S11,a01,3706986015,D,independent_dpp,mid,P3,<AUDIT_ROOT>/extracted_sessions/F12_S11/attempt_a01/D_mid/raw/probe/P3/F12_S11_D_mid_a01/event_ledger.jsonl,74138445adf34ca7c7379fab023ba102e404d770b6b8cc1295a49b105701eb71,90,45,45,0,0.0,45,0,0.0,1153.202196,1245.1354742,1267.76732408,1250.168429,1357.8497674,1381.54045836,78.9356345,141.45342285,146.46777689
PASS,F12_S11,a01,3706986015,D,independent_dpp,high,P1,<AUDIT_ROOT>/extracted_sessions/F12_S11/attempt_a01/D_high/raw/probe/P1/F12_S11_D_high_a01/event_ledger.jsonl,e32c0ad8354519281b302fbc3790e29a5b1bcf5b5556dabc3ab0046c1fe1a00c,90,90,90,81,0.9,90,0,0.0,936.5246145,1005.2134288,1014.82415579,3061.1517894999997,3154.40378275,3172.45382796,2133.5820575,2182.1521434,2184.85864991
PASS,F12_S11,a01,3706986015,D,independent_dpp,high,P2,<AUDIT_ROOT>/extracted_sessions/F12_S11/attempt_a01/D_high/raw/probe/P2/F12_S11_D_high_a01/event_ledger.jsonl,e640f3cbe442f34d5fcc17311ae721afd086ca7518dd964782c2e35bf7447245,90,90,90,85,0.9444444444444444,90,0,0.0,891.6339775,1006.36720235,1034.3448239499999,1869.8951975,1974.2868422,1994.69746209,981.233672,1046.8949776,1051.64175226
PASS,F12_S11,a01,3706986015,D,independent_dpp,high,P3,<AUDIT_ROOT>/extracted_sessions/F12_S11/attempt_a01/D_high/raw/probe/P3/F12_S11_D_high_a01/event_ledger.jsonl,e1ed20a51bee85b904fb76c7a8c44d0687b38a469bbcadb81de1ecbc58e96a52,90,90,90,90,1.0,90,90,1.0,292.1697355,383.37773634999996,393.96264465,359.34586750000005,458.4838156,494.75398279999996,71.822251,129.6494551,136.54710259
PASS,F12_S11,a01,3706986015,E,central_dpp,low,P1,<AUDIT_ROOT>/extracted_sessions/F12_S11/attempt_a01/E_low/raw/probe/P1/F12_S11_E_low_a01/event_ledger.jsonl,1d48bffecaf1e75f776e838fac129e0391dd333f7d3f9e8ce8b459f0489cd885,90,0,0,0,,0,0,,,,,,,,2043.6692480000002,2115.96419725,2120.40815574
PASS,F12_S11,a01,3706986015,E,central_dpp,low,P2,<AUDIT_ROOT>/extracted_sessions/F12_S11/attempt_a01/E_low/raw/probe/P2/F12_S11_E_low_a01/event_ledger.jsonl,330bb1760e0a10168ca5ca1c1526a74bfa4b4ae2224c508c5eba884a001cfcd3,90,0,0,0,,0,0,,,,,,,,783.167596,865.3011352,868.8078986600001
PASS,F12_S11,a01,3706986015,E,central_dpp,low,P3,<AUDIT_ROOT>/extracted_sessions/F12_S11/attempt_a01/E_low/raw/probe/P3/F12_S11_E_low_a01/event_ledger.jsonl,84cfd8cbeecc47e71420696002376d9393b2ea1023fb86f30e951601f1172c59,90,0,0,0,,0,0,,,,,,,,93.4504185,162.42494055,168.79811485000002
PASS,F12_S11,a01,3706986015,E,central_dpp,mid,P1,<AUDIT_ROOT>/extracted_sessions/F12_S11/attempt_a01/E_mid/raw/probe/P1/F12_S11_E_mid_a01/event_ledger.jsonl,41322647e03435e697ddfd6cf11986b24109100fe67712af7888c40bc9eac900,90,30,30,24,0.8,30,0,0.0,931.6051075,1031.2424054,1072.2643802,3053.582201,3141.9392215499997,3150.88077194,2106.473351,2167.1090773,2169.3588521799998
PASS,F12_S11,a01,3706986015,E,central_dpp,mid,P2,<AUDIT_ROOT>/extracted_sessions/F12_S11/attempt_a01/E_mid/raw/probe/P2/F12_S11_E_mid_a01/event_ledger.jsonl,acd0ea39004d0f165cf425295a2bc5d76028f6e3ff437076dcefa5e44a5fd6b9,90,30,30,25,0.8333333333333334,30,0,0.0,904.3807175,1037.9062258,1052.55151083,1849.119062,1966.80814635,1977.00398382,934.3532855000001,991.66047775,995.42544896
PASS,F12_S11,a01,3706986015,E,central_dpp,mid,P3,<AUDIT_ROOT>/extracted_sessions/F12_S11/attempt_a01/E_mid/raw/probe/P3/F12_S11_E_mid_a01/event_ledger.jsonl,b60d1f3ca548780155060be568f522404b8b3d9a382958c21a0a798614c92be1,90,30,30,30,1.0,30,30,1.0,297.939281,390.6961854,394.30666801999996,381.52761399999997,498.7944246,501.93414663,79.983938,146.6731225,151.11019523000002
PASS,F12_S11,a01,3706986015,E,central_dpp,high,P1,<AUDIT_ROOT>/extracted_sessions/F12_S11/attempt_a01/E_high/raw/probe/P1/F12_S11_E_high_a01/event_ledger.jsonl,208c8f921478e5994e98ef9b5b426ffacb5105f9b7ad67e467fc3556e6c9a4b6,90,90,90,80,0.8888888888888888,90,0,0.0,914.1904325,1006.9207304500001,1026.09773664,2832.1436755,2943.6352244,2972.65855722,1923.103964,1979.0933039,1982.5759478999998
PASS,F12_S11,a01,3706986015,E,central_dpp,high,P2,<AUDIT_ROOT>/extracted_sessions/F12_S11/attempt_a01/E_high/raw/probe/P2/F12_S11_E_high_a01/event_ledger.jsonl,4507e3c49a6a8f55337122dbed62fac0978fa3852197b8524aa6716581a5dd2a,90,90,90,85,0.9444444444444444,90,0,0.0,886.563519,998.73494695,1031.11985054,1595.8672824999999,1713.9732938500001,1739.85882922,689.4496165,782.58823945,785.68399205
PASS,F12_S11,a01,3706986015,E,central_dpp,high,P3,<AUDIT_ROOT>/extracted_sessions/F12_S11/attempt_a01/E_high/raw/probe/P3/F12_S11_E_high_a01/event_ledger.jsonl,8cbbce1b06a8ee09351a6ac8312b0768a7385e0c6da02560cdaadb4c8079f4ce,90,90,90,90,1.0,90,90,1.0,272.33122349999996,369.79143224999996,496.3183146,348.17864,461.5577260499999,580.44425922,75.674533,135.1087526,140.83649012
PASS,F12_S11,a01,3706986015,F,shielded_dpp,low,P1,<AUDIT_ROOT>/extracted_sessions/F12_S11/attempt_a01/F_low/raw/probe/P1/F12_S11_F_low_a01/event_ledger.jsonl,0141d976649a518a963e7d9f4797dbd32a68ab4b7b0f22b17708b08f9c328e19,90,0,0,0,,0,0,,,,,,,,2014.4656415,2077.6872890500003,2080.37245257
PASS,F12_S11,a01,3706986015,F,shielded_dpp,low,P2,<AUDIT_ROOT>/extracted_sessions/F12_S11/attempt_a01/F_low/raw/probe/P2/F12_S11_F_low_a01/event_ledger.jsonl,28e4510ce70559ac6d2e51a81dca01628339128bd5f77d50d7aa40bf6e6d713e,90,0,0,0,,0,0,,,,,,,,735.4178185000001,818.47230015,822.89001604
PASS,F12_S11,a01,3706986015,F,shielded_dpp,low,P3,<AUDIT_ROOT>/extracted_sessions/F12_S11/attempt_a01/F_low/raw/probe/P3/F12_S11_F_low_a01/event_ledger.jsonl,f6be7f04da9ea155d5bb16495aa37437e4b0983343c1bdd46cef802040a869a6,90,0,0,0,,0,0,,,,,,,,87.752891,158.59995235,165.15181972000002
PASS,F12_S11,a01,3706986015,F,shielded_dpp,mid,P1,<AUDIT_ROOT>/extracted_sessions/F12_S11/attempt_a01/F_mid/raw/probe/P1/F12_S11_F_mid_a01/event_ledger.jsonl,47bc3266d5def2fb7cc0f35641171c5f66e8f46d4dcba99b9b89a551176e56dc,90,30,30,25,0.8333333333333334,30,0,0.0,938.771708,1019.01386265,1026.2975509500002,2835.4771455,2934.2746907,2956.20779349,1884.19071,1947.64374945,1950.0811801
PASS,F12_S11,a01,3706986015,F,shielded_dpp,mid,P2,<AUDIT_ROOT>/extracted_sessions/F12_S11/attempt_a01/F_mid/raw/probe/P2/F12_S11_F_mid_a01/event_ledger.jsonl,7c1e990273562585ac8bfa4c627e01f3086caaf073d4a4a606309ad9d68a8d5d,90,30,30,26,0.8666666666666667,30,0,0.0,938.3881435000001,1036.71734585,1076.10455428,1723.621412,1791.3488702,1855.69970256,802.1901095000001,834.01944945,882.17964369
PASS,F12_S11,a01,3706986015,F,shielded_dpp,mid,P3,<AUDIT_ROOT>/extracted_sessions/F12_S11/attempt_a01/F_mid/raw/probe/P3/F12_S11_F_mid_a01/event_ledger.jsonl,53e823cc8401b886c7ed20156bad5db66e630e3b0225fdc3ce3a73d93844997a,90,30,30,30,1.0,30,30,1.0,290.7796295,411.90984019999996,443.12353558,378.5666885,524.5129697499998,562.64463821,79.712331,142.76945915,149.41706492999998
PASS,F12_S11,a01,3706986015,F,shielded_dpp,high,P1,<AUDIT_ROOT>/extracted_sessions/F12_S11/attempt_a01/F_high/raw/probe/P1/F12_S11_F_high_a01/event_ledger.jsonl,1933a8978fff3086456cafed600e4929cd2c56935c7faef24124d1ccc0c9448d,90,90,90,81,0.9,90,0,0.0,922.1996985000001,1002.4613272,1022.72038503,2795.797232,2883.0890796,2923.96567729,1866.9186060000002,1926.76449495,1928.90321765
PASS,F12_S11,a01,3706986015,F,shielded_dpp,high,P2,<AUDIT_ROOT>/extracted_sessions/F12_S11/attempt_a01/F_high/raw/probe/P2/F12_S11_F_high_a01/event_ledger.jsonl,4af09365958b08e4b5cab8fde19c2935f4219c7fcbe6e2f4714b8f918566f765,90,90,90,84,0.9333333333333333,90,0,0.0,868.885174,1006.6783504,1030.0894044,1509.9147295,1622.63557205,1688.38509817,651.863299,721.0003888,724.22784122
PASS,F12_S11,a01,3706986015,F,shielded_dpp,high,P3,<AUDIT_ROOT>/extracted_sessions/F12_S11/attempt_a01/F_high/raw/probe/P3/F12_S11_F_high_a01/event_ledger.jsonl,f957ce3560bbdf9bab2dc02fca4abc3cecd34a192dd71cbd22c6009b57e7e409,90,90,90,90,1.0,90,90,1.0,275.98888,374.65782065,389.69954740000003,361.310175,452.6173664,508.43589216,78.9431275,143.28148764999997,149.65131123
PASS,F12_S12,a01,300664444,A,fixed_local,low,P1,<AUDIT_ROOT>/extracted_sessions/F12_S12/attempt_a01/A_low/raw/probe/P1/F12_S12_A_low_a01/event_ledger.jsonl,71f32048ed72bd1ded14b4449ee218d11bdb7b82884f1cbd07122daf2993acd6,90,0,0,0,,0,0,,,,,,,,2021.5611085,2060.79786705,2064.91224256
PASS,F12_S12,a01,300664444,A,fixed_local,low,P2,<AUDIT_ROOT>/extracted_sessions/F12_S12/attempt_a01/A_low/raw/probe/P2/F12_S12_A_low_a01/event_ledger.jsonl,a5f7a483018a888de1468a841e33942c7057f7afe19b19d146a3733f8a2d45c1,90,0,0,0,,0,0,,,,,,,,851.2766369999999,891.44403995,896.0123121299999
PASS,F12_S12,a01,300664444,A,fixed_local,low,P3,<AUDIT_ROOT>/extracted_sessions/F12_S12/attempt_a01/A_low/raw/probe/P3/F12_S12_A_low_a01/event_ledger.jsonl,605d05a05f2b0e0c9bee01fe8986b3228f97bf6e163c1d51dc57a3e9819c1f8a,90,0,0,0,,0,0,,,,,,,,89.401643,162.57016255,169.75216734
PASS,F12_S12,a01,300664444,A,fixed_local,mid,P1,<AUDIT_ROOT>/extracted_sessions/F12_S12/attempt_a01/A_mid/raw/probe/P1/F12_S12_A_mid_a01/event_ledger.jsonl,750d2f43de9c077c26daacd030848e01a57134425f9d839aaaf2935b1305634a,90,0,0,0,,0,0,,,,,,,,2065.4444475,2110.56011795,2113.3701599399997
PASS,F12_S12,a01,300664444,A,fixed_local,mid,P2,<AUDIT_ROOT>/extracted_sessions/F12_S12/attempt_a01/A_mid/raw/probe/P2/F12_S12_A_mid_a01/event_ledger.jsonl,0d313485db780b164090a967a3a50305e9f8d146072f6e2dcf53e9a4d7ae91ea,90,0,0,0,,0,0,,,,,,,,880.791517,918.2094680499999,921.2391202199999
PASS,F12_S12,a01,300664444,A,fixed_local,mid,P3,<AUDIT_ROOT>/extracted_sessions/F12_S12/attempt_a01/A_mid/raw/probe/P3/F12_S12_A_mid_a01/event_ledger.jsonl,68c2f48a53025ff84bef149484dcd9ef4a41fe36c10da95ae48f5ca6f0b5291f,90,0,0,0,,0,0,,,,,,,,95.78930650000001,167.4146312,173.26205894
PASS,F12_S12,a01,300664444,A,fixed_local,high,P1,<AUDIT_ROOT>/extracted_sessions/F12_S12/attempt_a01/A_high/raw/probe/P1/F12_S12_A_high_a01/event_ledger.jsonl,b243c01874958c25f9515db4cd24328e953fb076e51d6e5dd8e851d4c3165185,90,0,0,0,,0,0,,,,,,,,2028.5622844999998,2158.64833095,2162.32958486
PASS,F12_S12,a01,300664444,A,fixed_local,high,P2,<AUDIT_ROOT>/extracted_sessions/F12_S12/attempt_a01/A_high/raw/probe/P2/F12_S12_A_high_a01/event_ledger.jsonl,a38728544d25667a3ae2b6b8bf4da02a958243c58f35e28abcdffc5f6d8ae417,90,0,0,0,,0,0,,,,,,,,775.146198,837.533797,843.77468445
PASS,F12_S12,a01,300664444,A,fixed_local,high,P3,<AUDIT_ROOT>/extracted_sessions/F12_S12/attempt_a01/A_high/raw/probe/P3/F12_S12_A_high_a01/event_ledger.jsonl,d767f8d3eaa31c12d1f1c218e2656969942ae7179dca200149835189dfad4865,90,0,0,0,,0,0,,,,,,,,92.30938900000001,164.28246339999998,171.54360620999998
PASS,F12_S12,a01,300664444,B,fixed_summary,low,P1,<AUDIT_ROOT>/extracted_sessions/F12_S12/attempt_a01/B_low/raw/probe/P1/F12_S12_B_low_a01/event_ledger.jsonl,3833348880ea3db5a29018070ebc7528ecb9d2e6e5777af6750551d1082f4691,90,0,0,0,,0,0,,,,,,,,1910.3209895,1985.1500188,1989.2163348899999
PASS,F12_S12,a01,300664444,B,fixed_summary,low,P2,<AUDIT_ROOT>/extracted_sessions/F12_S12/attempt_a01/B_low/raw/probe/P2/F12_S12_B_low_a01/event_ledger.jsonl,2f20acf5f327bdd23738764895cb81129c179e67e98ccb4eadc5f80f6e2411c4,90,0,0,0,,0,0,,,,,,,,718.918089,806.5604273,808.77649863
PASS,F12_S12,a01,300664444,B,fixed_summary,low,P3,<AUDIT_ROOT>/extracted_sessions/F12_S12/attempt_a01/B_low/raw/probe/P3/F12_S12_B_low_a01/event_ledger.jsonl,fc3bb4b1624b209a39e6ce58b42685bc6662cbdbfc60106b9efafc9f5eddfb03,90,0,0,0,,0,0,,,,,,,,88.094016,159.8630301,165.11040281
PASS,F12_S12,a01,300664444,B,fixed_summary,mid,P1,<AUDIT_ROOT>/extracted_sessions/F12_S12/attempt_a01/B_mid/raw/probe/P1/F12_S12_B_mid_a01/event_ledger.jsonl,99a427e7097642bd98fc116d2b2be1c7be5262472e67c511650fe340187bbe0c,90,0,0,0,,0,0,,,,,,,,1893.8516215,1959.5378699,1962.4147943300002
PASS,F12_S12,a01,300664444,B,fixed_summary,mid,P2,<AUDIT_ROOT>/extracted_sessions/F12_S12/attempt_a01/B_mid/raw/probe/P2/F12_S12_B_mid_a01/event_ledger.jsonl,1519398f8a6ce3eb0855679f2eb0eea8dd99e01cc2c98dada468ed89aaf87b70,90,0,0,0,,0,0,,,,,,,,613.876421,675.02111755,678.64820098
PASS,F12_S12,a01,300664444,B,fixed_summary,mid,P3,<AUDIT_ROOT>/extracted_sessions/F12_S12/attempt_a01/B_mid/raw/probe/P3/F12_S12_B_mid_a01/event_ledger.jsonl,83c42e3dda0120b82f1b785827f9315ea253cd16fff4bc1ea20b0c10489c2cd2,90,0,0,0,,0,0,,,,,,,,88.088082,155.0514447,161.56699081
PASS,F12_S12,a01,300664444,B,fixed_summary,high,P1,<AUDIT_ROOT>/extracted_sessions/F12_S12/attempt_a01/B_high/raw/probe/P1/F12_S12_B_high_a01/event_ledger.jsonl,eb1c42a94c515e6c693a48eb2c66ff8f934488992d54bf739a61d0214ab2ea77,90,0,0,0,,0,0,,,,,,,,2217.7691795,2256.90381765,2260.50153935
PASS,F12_S12,a01,300664444,B,fixed_summary,high,P2,<AUDIT_ROOT>/extracted_sessions/F12_S12/attempt_a01/B_high/raw/probe/P2/F12_S12_B_high_a01/event_ledger.jsonl,13521523b7dfa3ca8c6e67e0bb2039e4c8a5eb86af1354791a9817206bc04911,90,0,0,0,,0,0,,,,,,,,1057.051462,1098.4573079,1102.70659105
PASS,F12_S12,a01,300664444,B,fixed_summary,high,P3,<AUDIT_ROOT>/extracted_sessions/F12_S12/attempt_a01/B_high/raw/probe/P3/F12_S12_B_high_a01/event_ledger.jsonl,7560c0c37cf1e42d75543822ca5ab1f3acd7caaed7bf6cf676c26df121d09aeb,90,0,0,0,,0,0,,,,,,,,82.432874,150.6328491,156.61392281
PASS,F12_S12,a01,300664444,C,fixed_full,low,P1,<AUDIT_ROOT>/extracted_sessions/F12_S12/attempt_a01/C_low/raw/probe/P1/F12_S12_C_low_a01/event_ledger.jsonl,c22cbc94d048552476f50ed8fb9416d3fbe38420071542f259565e2673370eed,90,90,90,0,0.0,90,0,0.0,103047.3485515,183297.5365319,190526.99022265,105103.3745405,185424.8252188,192655.71701386,2056.0259889999998,2127.2886869,2128.72679121
PASS,F12_S12,a01,300664444,C,fixed_full,low,P2,<AUDIT_ROOT>/extracted_sessions/F12_S12/attempt_a01/C_low/raw/probe/P2/F12_S12_C_low_a01/event_ledger.jsonl,8c68f6be83d1b960017b998f5abc33a3040a3df719a31e1b9dd500740a4c4aa8,90,90,90,0,0.0,90,0,0.0,102991.6122335,183255.8574074,190481.74712571,103823.14132200001,184140.38290589998,191370.81727933,831.5290885,884.5254985,889.0701536199999
PASS,F12_S12,a01,300664444,C,fixed_full,low,P3,<AUDIT_ROOT>/extracted_sessions/F12_S12/attempt_a01/C_low/raw/probe/P3/F12_S12_C_low_a01/event_ledger.jsonl,100b828748c352654c28aca7ed3a796c216fbb15c60d3d781d987e503c0a08fc,90,90,90,0,0.0,90,0,0.0,102302.32502799999,182552.83505085,189776.57351055,102387.472922,182710.54647814998,189940.07733954,85.14789400000001,157.7114273,163.50382899
PASS,F12_S12,a01,300664444,C,fixed_full,mid,P1,<AUDIT_ROOT>/extracted_sessions/F12_S12/attempt_a01/C_mid/raw/probe/P1/F12_S12_C_mid_a01/event_ledger.jsonl,075cd7472dbf7af4a0296839069e6ecc1a74dfc010b5640b27720eb313ad88d2,90,90,90,0,0.0,90,0,0.0,27018.887963,46938.76607075,48923.0251386,28878.806626999998,48936.545347600004,50939.65079704,1859.9186639999998,1997.80892815,2002.26328756
PASS,F12_S12,a01,300664444,C,fixed_full,mid,P2,<AUDIT_ROOT>/extracted_sessions/F12_S12/attempt_a01/C_mid/raw/probe/P2/F12_S12_C_mid_a01/event_ledger.jsonl,28e94a10653548ec92048f19f6505f01f03b0f613157ca63738f1fb313525778,90,90,90,0,0.0,90,0,0.0,26975.543525499997,46903.573225,48894.02138664,27672.83163,47745.02180075,49739.20179153,697.2881045,841.44857575,844.7310461100001
PASS,F12_S12,a01,300664444,C,fixed_full,mid,P3,<AUDIT_ROOT>/extracted_sessions/F12_S12/attempt_a01/C_mid/raw/probe/P3/F12_S12_C_mid_a01/event_ledger.jsonl,82313e272704b92413d91d2173f1ec475a75e4726dfbccd4103760c7166eade9,90,90,90,0,0.0,90,0,0.0,26249.665595500002,46189.275967,48180.72860786,26332.6729215,46334.423570249994,48333.06089278,83.007326,145.32761575,151.29291308
PASS,F12_S12,a01,300664444,C,fixed_full,high,P1,<AUDIT_ROOT>/extracted_sessions/F12_S12/attempt_a01/C_high/raw/probe/P1/F12_S12_C_high_a01/event_ledger.jsonl,db2c952e4a07ea765d586ed700f8414749e406e4077037ec309d9df0816cf78e,90,90,90,83,0.9222222222222223,90,0,0.0,926.2808785,1006.0365576,1019.94511562,3012.7641525,3086.4229601499997,3097.85821867,2070.3302245,2134.96678725,2138.99573956
PASS,F12_S12,a01,300664444,C,fixed_full,high,P2,<AUDIT_ROOT>/extracted_sessions/F12_S12/attempt_a01/C_high/raw/probe/P2/F12_S12_C_high_a01/event_ledger.jsonl,2a1df93f1a9d6f75401a3b40fe373bb5cba449ac8a6e109a69220064a242b75b,90,90,90,85,0.9444444444444444,90,0,0.0,878.9745055000001,983.8707257499999,1032.39475449,1831.9549035,1937.5485598,1965.52599427,956.067166,1001.58085805,1003.48183524
PASS,F12_S12,a01,300664444,C,fixed_full,high,P3,<AUDIT_ROOT>/extracted_sessions/F12_S12/attempt_a01/C_high/raw/probe/P3/F12_S12_C_high_a01/event_ledger.jsonl,1f2029e9d5b166837c9a36d3686e38765f91cf5e5c2856b1e4d5e42c4798499e,90,90,90,90,1.0,90,90,1.0,274.49487050000005,353.58110615,382.64704226,356.6880205,448.996724,470.58271326,80.0000245,138.58682405,145.23555137
PASS,F12_S12,a01,300664444,D,independent_dpp,low,P1,<AUDIT_ROOT>/extracted_sessions/F12_S12/attempt_a01/D_low/raw/probe/P1/F12_S12_D_low_a01/event_ledger.jsonl,9506e0021c4ed6c206a0f90dff0838e6ee753a26dabce7ae2ae9f3510b59b290,90,22,22,0,0.0,22,0,0.0,3895.7113195,3967.1123447,3992.33521502,4882.644178500001,4966.3244998499995,4976.22166325,1001.7373279999999,1038.670952,1041.5244088999998
PASS,F12_S12,a01,300664444,D,independent_dpp,low,P2,<AUDIT_ROOT>/extracted_sessions/F12_S12/attempt_a01/D_low/raw/probe/P2/F12_S12_D_low_a01/event_ledger.jsonl,a7092e4648c3b6751b3f83bf590a57356f03f1f0af7b6446d279589103b5bba3,90,22,22,0,0.0,22,0,0.0,3868.2975115,3939.77662885,3953.95404801,4718.290133500001,4796.06401875,4808.00710306,864.1186645,915.6925620000001,918.05701856
PASS,F12_S12,a01,300664444,D,independent_dpp,low,P3,<AUDIT_ROOT>/extracted_sessions/F12_S12/attempt_a01/D_low/raw/probe/P3/F12_S12_D_low_a01/event_ledger.jsonl,891a5782821a0ac82c9469cdcbc798d15d64af14cff21d4f7731dcc109444674,90,22,22,0,0.0,22,0,0.0,3156.8093095,3218.98366685,3220.2609444,3245.5261025,3327.84549355,3337.05846431,85.0228235,157.46711405,162.56387046999998
PASS,F12_S12,a01,300664444,D,independent_dpp,mid,P1,<AUDIT_ROOT>/extracted_sessions/F12_S12/attempt_a01/D_mid/raw/probe/P1/F12_S12_D_mid_a01/event_ledger.jsonl,3c0ab3e0fc0488fcb2fb4da89b24db0aeaf772137c81838b340ea7da4956e734,90,45,45,0,0.0,45,0,0.0,1791.22249,1965.3058127999998,2023.7347952400003,3939.607373,4065.3490244,4093.1684678,2161.4898355,2193.0392931,2197.66079309
PASS,F12_S12,a01,300664444,D,independent_dpp,mid,P2,<AUDIT_ROOT>/extracted_sessions/F12_S12/attempt_a01/D_mid/raw/probe/P2/F12_S12_D_mid_a01/event_ledger.jsonl,3ad294fe75605698f57911b659bcdd37e62f79e4148863904e65adb6a63b873d,90,45,45,0,0.0,45,0,0.0,1795.811587,1959.7642720000001,2011.8746075600002,2659.424734,2785.593452,2807.88968908,860.257312,895.9865613,897.77629137
PASS,F12_S12,a01,300664444,D,independent_dpp,mid,P3,<AUDIT_ROOT>/extracted_sessions/F12_S12/attempt_a01/D_mid/raw/probe/P3/F12_S12_D_mid_a01/event_ledger.jsonl,3a1c823001b5ee600f24dadc2fbf9842d571692438bf624d4de54601c687452f,90,45,45,0,0.0,45,0,0.0,1151.087159,1261.6196043999998,1394.4369236400005,1232.456078,1359.958236,1456.4222860000004,76.95239000000001,138.28898855,143.56690544
PASS,F12_S12,a01,300664444,D,independent_dpp,high,P1,<AUDIT_ROOT>/extracted_sessions/F12_S12/attempt_a01/D_high/raw/probe/P1/F12_S12_D_high_a01/event_ledger.jsonl,d18ef58370a903d442c7fe50637b646f3c1d4371a6e61e87b0b20698654363d5,90,90,90,85,0.9444444444444444,90,0,0.0,913.389689,1002.3946885500001,1028.29760104,2924.9794225,2999.8420823,3037.36054756,2004.8639225,2052.84201075,2056.10114605
PASS,F12_S12,a01,300664444,D,independent_dpp,high,P2,<AUDIT_ROOT>/extracted_sessions/F12_S12/attempt_a01/D_high/raw/probe/P2/F12_S12_D_high_a01/event_ledger.jsonl,dacf7bdb814e881fbb4ecc61c125915af08c8bbd3f49eeec05f8d864030c903b,90,90,90,85,0.9444444444444444,90,0,0.0,873.4926525,986.9841829499999,1058.13953148,1633.9969099999998,1727.7200959,1761.29927054,778.655203,819.0769344500001,822.3974574099999
PASS,F12_S12,a01,300664444,D,independent_dpp,high,P3,<AUDIT_ROOT>/extracted_sessions/F12_S12/attempt_a01/D_high/raw/probe/P3/F12_S12_D_high_a01/event_ledger.jsonl,3097d9b62ff7fab5569514637b640c17a1f75a89a977ea7589c6da4794c1cd6b,90,90,90,90,1.0,90,90,1.0,275.53777,394.666321,468.54824662,359.1645925,466.18073484999996,520.8043987399999,74.781058,135.7710606,141.45004845
PASS,F12_S12,a01,300664444,E,central_dpp,low,P1,<AUDIT_ROOT>/extracted_sessions/F12_S12/attempt_a01/E_low/raw/probe/P1/F12_S12_E_low_a01/event_ledger.jsonl,7b4f0025a3f2bfdb81d8a610b4c028bf21fd66113ff28ba78407ff02e44d2912,90,0,0,0,,0,0,,,,,,,,2072.572483,2369.07974175,2372.74293134
PASS,F12_S12,a01,300664444,E,central_dpp,low,P2,<AUDIT_ROOT>/extracted_sessions/F12_S12/attempt_a01/E_low/raw/probe/P2/F12_S12_E_low_a01/event_ledger.jsonl,05cfff06398b14db6496eb475b7732c82fa8659b6390710012ae55389791d765,90,0,0,0,,0,0,,,,,,,,865.3008635,1186.72649765,1191.1752828
PASS,F12_S12,a01,300664444,E,central_dpp,low,P3,<AUDIT_ROOT>/extracted_sessions/F12_S12/attempt_a01/E_low/raw/probe/P3/F12_S12_E_low_a01/event_ledger.jsonl,ef0e3c06a3d7ef449f2e5c375ff1bab468a2aee043dae45a81b1b8d9eeef1cd7,90,0,0,0,,0,0,,,,,,,,86.1070645,161.13083945,167.61210928999998
PASS,F12_S12,a01,300664444,E,central_dpp,mid,P1,<AUDIT_ROOT>/extracted_sessions/F12_S12/attempt_a01/E_mid/raw/probe/P1/F12_S12_E_mid_a01/event_ledger.jsonl,77d9b31aa22f9d71cd4b663a73bef9be7af5493d95572690cae275236615d9ad,90,30,30,16,0.5333333333333333,30,0,0.0,999.404585,1010.2925217,1015.16199133,2868.0267335,2929.4169629,2936.10387711,1883.875242,1935.4730691,1939.8491221699999
PASS,F12_S12,a01,300664444,E,central_dpp,mid,P2,<AUDIT_ROOT>/extracted_sessions/F12_S12/attempt_a01/E_mid/raw/probe/P2/F12_S12_E_mid_a01/event_ledger.jsonl,1697d4835e3d5a238514a756a2ba945a7d51a659efe5027f9230f837029113d0,90,30,30,23,0.7666666666666667,30,0,0.0,948.4299755,1019.2210329499999,1025.82469055,1617.0151425,1716.7853232500001,1722.56547092,659.197615,732.8126636,735.6969851
PASS,F12_S12,a01,300664444,E,central_dpp,mid,P3,<AUDIT_ROOT>/extracted_sessions/F12_S12/attempt_a01/E_mid/raw/probe/P3/F12_S12_E_mid_a01/event_ledger.jsonl,27721bf114acfddd903d9469e006c22bfd0d37b0d622a54ec938e2e1d74599c0,90,30,30,30,1.0,30,30,1.0,275.99010499999997,313.45664354999997,326.1246148,355.13142600000003,426.64946819999994,434.94809779,83.2542675,144.62681909999998,150.67043012
PASS,F12_S12,a01,300664444,E,central_dpp,high,P1,<AUDIT_ROOT>/extracted_sessions/F12_S12/attempt_a01/E_high/raw/probe/P1/F12_S12_E_high_a01/event_ledger.jsonl,2cd2530b768f54d1bfe3c9bcb789aa5cf3fd31be3580d30df0b65941aaeb9060,90,90,90,83,0.9222222222222223,90,0,0.0,904.9555265,1012.30038125,1026.18554217,3020.308714,3106.0146218,3132.88956354,2095.7772235,2187.05336435,2190.5471682999996
PASS,F12_S12,a01,300664444,E,central_dpp,high,P2,<AUDIT_ROOT>/extracted_sessions/F12_S12/attempt_a01/E_high/raw/probe/P2/F12_S12_E_high_a01/event_ledger.jsonl,bb6c7cdbf7dd2b5399af1c93bc82d64578f9950a4f2500b0230dc197b54f927b,90,90,90,85,0.9444444444444444,90,0,0.0,859.3982854999999,998.38322635,1041.6352652,1717.8055585,1831.6955308,1860.21967253,846.914175,919.7618401999999,922.47440519
PASS,F12_S12,a01,300664444,E,central_dpp,high,P3,<AUDIT_ROOT>/extracted_sessions/F12_S12/attempt_a01/E_high/raw/probe/P3/F12_S12_E_high_a01/event_ledger.jsonl,381736ae8e941c469a6d0e17b80c730d4675cc41379985d2bcd011066dce5a5d,90,90,90,90,1.0,90,90,1.0,260.84504,368.90278149999995,382.91444239,353.165143,446.77290875,473.6238357,81.79826299999999,147.60760775,152.43053599
PASS,F12_S12,a01,300664444,F,shielded_dpp,low,P1,<AUDIT_ROOT>/extracted_sessions/F12_S12/attempt_a01/F_low/raw/probe/P1/F12_S12_F_low_a01/event_ledger.jsonl,e8872d1fcf270d722b48b278168e69f3af73a3f9649bf108da3d8b1d6a1ab6e0,90,0,0,0,,0,0,,,,,,,,1879.4935850000002,1960.74488065,1964.5695823199999
PASS,F12_S12,a01,300664444,F,shielded_dpp,low,P2,<AUDIT_ROOT>/extracted_sessions/F12_S12/attempt_a01/F_low/raw/probe/P2/F12_S12_F_low_a01/event_ledger.jsonl,45c40a50d06ee2cc8f73052bdb2959554a3e847b1520cac74ed476c36b86dece,90,0,0,0,,0,0,,,,,,,,695.274458,756.1598258500001,759.73625856
PASS,F12_S12,a01,300664444,F,shielded_dpp,low,P3,<AUDIT_ROOT>/extracted_sessions/F12_S12/attempt_a01/F_low/raw/probe/P3/F12_S12_F_low_a01/event_ledger.jsonl,78528ed29d5129fd439667cdaf02f37e1a68c916b8ba5a2718e26eb7c835c31a,90,0,0,0,,0,0,,,,,,,,87.33478500000001,156.03482474999998,161.34664282
PASS,F12_S12,a01,300664444,F,shielded_dpp,mid,P1,<AUDIT_ROOT>/extracted_sessions/F12_S12/attempt_a01/F_mid/raw/probe/P1/F12_S12_F_mid_a01/event_ledger.jsonl,66a81d89ad27118297715aa79fbcbc6abc0bf064681e62039a0b06a50025ee2b,90,30,30,27,0.9,30,0,0.0,864.750181,1047.86430335,1080.3895105400002,2905.8148165000002,2962.6772654,3007.31043222,2041.919907,2073.24787015,2075.53535465
PASS,F12_S12,a01,300664444,F,shielded_dpp,mid,P2,<AUDIT_ROOT>/extracted_sessions/F12_S12/attempt_a01/F_mid/raw/probe/P2/F12_S12_F_mid_a01/event_ledger.jsonl,e45b2790136fb43aa3c72dac16f8a322f6ae5dca90d0d8c97bf15c8d8b532d4d,90,30,30,28,0.9333333333333333,30,0,0.0,908.1491719999999,990.3896907499999,1019.8836595399999,1710.8920275,1797.37088355,1811.1011201400001,803.714367,835.17587885,837.49634666
PASS,F12_S12,a01,300664444,F,shielded_dpp,mid,P3,<AUDIT_ROOT>/extracted_sessions/F12_S12/attempt_a01/F_mid/raw/probe/P3/F12_S12_F_mid_a01/event_ledger.jsonl,065814d41dde4e49332a62eb53a6c40a76ec4a10031b35d921738edcc60dc127,90,30,30,30,1.0,30,30,1.0,277.93481,414.26804159999995,526.4334010000001,374.545143,477.58554254999984,576.64926086,83.135404,147.12030685,152.72348781
PASS,F12_S12,a01,300664444,F,shielded_dpp,high,P1,<AUDIT_ROOT>/extracted_sessions/F12_S12/attempt_a01/F_high/raw/probe/P1/F12_S12_F_high_a01/event_ledger.jsonl,ea04e000bfb15158944cd549b26e73b43759581e5c265e0e0d2019f587395a51,90,90,90,85,0.9444444444444444,90,0,0.0,916.0935764999999,991.610645,1034.69974914,2889.533897,2955.4645953,2974.5043917899998,1962.807729,2023.53387955,2026.69978949
PASS,F12_S12,a01,300664444,F,shielded_dpp,high,P2,<AUDIT_ROOT>/extracted_sessions/F12_S12/attempt_a01/F_high/raw/probe/P2/F12_S12_F_high_a01/event_ledger.jsonl,cf54e5052223c08723fec1d706a5cc69849d388a8f4ac2a13b4398a201689059,90,90,90,85,0.9444444444444444,90,0,0.0,888.1859505,998.3385648,1027.33757505,1631.5853715,1730.69103545,1745.40638257,736.4735035000001,774.24447125,776.07027644
PASS,F12_S12,a01,300664444,F,shielded_dpp,high,P3,<AUDIT_ROOT>/extracted_sessions/F12_S12/attempt_a01/F_high/raw/probe/P3/F12_S12_F_high_a01/event_ledger.jsonl,665060dd79780564c0ceea639ad8b884ba8539c0c780d38ad3f7b4ed7b3e71c1,90,90,90,90,1.0,90,90,1.0,237.90420799999998,362.0776604999999,487.52080714,332.971315,426.449067,531.71776983,74.70948150000001,136.90337645,142.79204263
